Workbook

Sheet Assumptions
A1: Shared Assumptions and Equivalency Factors
A3: Mission Parameters
A4: Parameter | B4: Value | C4: Unit | E4: Legend
A5: Crew size | B5: 6 | C5: crew members | E5: User-editable cell
A6: Mission surface duration | B6: =+B7*7 -> 602 | C6: days | E6: Not applicable / No data
A7: Mission duration (weeks) | B7: 86 | C7: weeks
A8: Base case dose | B8: 5 | C8: mg PTH-Fc/CM/week
A9: Total mission dose per CM | B9: =B7*B8 -> 430 | C9: mg PTH-Fc/CM/mission
A11: 2022 Baseline Values and Assumptions
A12: Parameter | B12: Volume (kgeq/m3) | C12: Power (kgeq/kWe) | D12: Thermal Control (kgeq/kWth) | E12: Cold Storage (kgeq/kg) | F12: Waste Storage (kgeq/kg) | G12: Water Treatment (kgeq/kg) | H12: Crew Time (kgeq/CM-h)
A13: Mars Surface Shielded Volume ESM EQ Factors | B13: 79.3 | C13: 162 | D13: 96 | E13: 0.21 | F13: 0.93 | G13: 0.3 | H13: 0.94
A15: PTH-Fc Expression Level by Scenario
A16: Scenario | B16: Host | C16: Expression Level (mg PTH-Fc dimer/kg FW) | D16: Days to Harvest | E16: Concurrent Batches for weekly Batches
A17: TRANSGENIC-LETTUCE | B17: L. sativa | C17: 7.1 | D17: 28 | E17: =+D17/7 -> 4
A18: TRANSGENIC-TOBACCO | B18: N. benthamiana | C18: 28.6 | D18: 35 | E18: =+D18/7 -> 5
A19: GENE GUN | B19: L. sativa | C19: 2.5 | D19: 28 | E19: =+D19/7 -> 4
A20: AGRO | B20: N. benthamiana | C20: 373 | D20: 35 | E20: =+D20/7 -> 5
A21: VIRAL | B21: N. benthamiana | C21: 300 | D21: 35 | E21: =+D21/7 -> 5

Sheet FLOWN
A1: FLOWN
A3: Key Assumptions
A4: • Each injection pen contains 0.600 mg of PTH-Fc per pen (2.4 mL with a 0.25 mg/mL concentration), the same as the mass of biologic in each Forteo injection pen
A5: • Pens must be refrigerated at 2-8°C during storage and between uses
A6: • Needles are neglected, as these might be required for all delivery routes
A7: • Shelf life at refrigerated conditions is assumed to be at least 2 years under refrigerated storage conditions based on https://www.ema.europa.eu/en/documents/scientific-discussion/forsteo-epar-scientific-discussion_en.pdf
A8: • 602 days of surface operation with 86 weekly batches
A9: • Pens are stored at 4°C in an ISS refrigerator per BVAD 2022 Table 4-49; multiple refrigerators of the same size are used as needed
A12: Calculated Quantity | B12: Value | C12: Units | D12: Notes | F12: Legend
A13: Dose required | B13: =Assumptions!B8 -> 5 | C13: mg PTH-Fc/CM/week | F13: User-editable cell
A14: Number of pens required per CM over 600 days | B14: =ROUNDUP(+$B$13*ROUNDUP(600/7,0)/(28*0.02),0) -> 768 | C14: unit | D14: Calculated | F14: Not applicable / No data
A15: Mass of a single box containing an injector pen | B15: 87 | C15: grams | D15: Estimate
A16: Volume of a single box containing an injector pen | B16: 30 | C16: inch3 | D16: Estimate
A17: Mass of single box without the injector pen | B17: 52 | C17: grams | D17: Estimate
A18: Mass of single Forteo injection pen (full) | B18: 35 | C18: grams | D18: Estimate
A19: Volume of a single Forteo injection pen | B19: 1.6 | C19: inch3 | D19: Estimate
A20: Mass of a single Forteo injection pen (empty) | B20: 32.76 | C20: grams | D20: Calculated
A21: Volume of a single crushed box/packaging | B21: 9 | C21: inch3 | D21: Assumed/calculated
A22: Min. refrigerator volume for 600-day supply, 1 CM | B22: =B16*B14*0.0254^3 -> 0.37755795 | C22: m3 | D22: Calculated
A24: System FOM Metrics
A25: Process Step | B25: Equipment | C25: Qty (units) | D25: Mass (kg) | E25: Volume (m3) | F25: Power (kWe) | G25: Crew Time (CM-hr)
A26: Refrigeration | B26: Refrigerator/Freezer | C26: =+ROUNDUP(B22/0.614,0) -> 1 | D26: =(321+91)*C26 -> 412 | E26: =2*C26 -> 2 | F26: =0.205*C26 -> 0.205 | G26: 0
A28: Input, Output, and Waste FOM Metrics (600-day mission)
A29: Process Step | B29: Category | C29: Qty (units) | D29: Mass (kg) | E29: Volume (m3) | F29: Crew Time (CM-hr) | G29: Power (kWe)
A30: Forteo Pen Usage | B30: Input | C30: =B14 -> 768 | D30: =(B15*B14)/1000 -> 66.816 | E30: =+C30*B16*0.000016387 -> 0.37755648 | F30: 0 | G30: 0
B31: Output | C31: 0 | D31: 0 | E31: 0 | F31: 0 | G31: 0
B32: Forteo pen waste | C32: =+B14 -> 768 | D32: =+C32*B18/1000 -> 26.88 | E32: =(B19*0.0254^3)*C32 -> 0.020136424
B33: Packaging waste | C33: =+B14 -> 768 | D33: =(B17*C33)/1000 -> 39.936 | E33: =(B21*0.0254^3)*C33 -> 0.11326739
A35: Equivalent System Mass Metrics (per CM for entire mission)
A36: Metric | B36: System | C36: Process Inputs (per CM per mission) | D36: Waste Outputs (per CM per mission) | E36: Useful Outputs (per CM per mission) | F36: Process Operations (per CM per mission)
A37: Mass (kg) | B37: =D26 -> 412 | C37: =+D30 -> 66.816 | E37: 0
A38: Volume (m3) | B38: =E26 -> 2 | C38: =E30 -> 0.37755648 | E38: 0
A39: Power (kWe) | B39: =F26 -> 0.205 | E39: 0
A40: Thermal Control (kWth) | B40: =F26 -> 0.205
A41: Cold storage mass (kg) | C41: 0 | E41: 0
A42: Crew time (hr) | B42: =G26 -> 0 | F42: 0
A43: Water mass (kg) | B43: 0 | C43: 0 | E43: 0
A44: Solid waste (kg) | D44: =SUM(D32:D33) -> 66.816
A46: 2022 Baseline Values and Assumptions
A47: Parameter | B47: Volume (kgeq/m3) | C47: Power (kgeq/kWe) | D47: Thermal Control (kgeq/kWth) | E47: Cold Storage (kgeq/kg) | F47: Waste storage (kgeq/kg) | G47: Water Treatment (kgeq/kg) | H47: Crew Time (kg/CM-h)
A48: Mars Surface Shielded Volume ESM EQ Factors | B48: =Assumptions!B13 -> 79.3 | C48: =Assumptions!C13 -> 162 | D48: =Assumptions!D13 -> 96 | E48: =Assumptions!E13 -> 0.21 | F48: =Assumptions!F13 -> 0.93 | G48: =Assumptions!G13 -> 0.3 | H48: =Assumptions!H13 -> 0.94
A50: Category | B50: ESM (kgeq)
A51: System | B51: =B37+(B38*B48)+(B39*C48)+(B40*D48)+(B42*H48) -> 623.49
A52: Process Operations | B52: =+F42 -> 0
A53: Process Inputs | B53: =C37+(C38*B48)+(C41*E48) -> 96.756229
A54: Waste outputs | B54: =(D44*F48) -> 62.13888
A55: Useful process outputs | B55: =0 -> 0
A56: ESMBM (kgeq) | B56: =B51+B52+B53+B54-B55 -> 782.38511
A60: FOM Graphs
B61: Mass | F61: Volume | J61: Power | N61: Crew time
B62: System | C62: Input | D62: Output | E62: Waste | F62: System | G62: Input | H62: Output | I62: Waste | J62: System | K62: Input | L62: Output | M62: Waste | N62: System | O62: Process Operations | P62: Input | Q62: Output | R62: Waste
A63: Refrigerator/Freezer | B63: =D26 -> 412 | F63: =E26 -> 2 | J63: =F26 -> 0.205
A64: Injection Pens (packaged) | C64: =D30 -> 66.816 | G64: =E30 -> 0.37755648
A65: Used Injection Pens | E65: =D32 -> 26.88 | I65: =E32 -> 0.020136424
A66: Waste Packaging | E66: =D33 -> 39.936 | I66: =E33 -> 0.11326739

Sheet TRANSGENIC-LETTUCE
A1: TRANSGENIC-LETTUCE
A3: PTH-Fc Production Input
B4: Qty | C4: Unit | E4: Legend
A5: Therapeutic dosage (injection or oral): | B5: =Assumptions!B8 -> 5 | C5: mg PTH-Fc /wk/CM | E5: User-editable cell
A6: Therapeutic dosage (injection or oral): | B6: =B5 -> 5 | C6: mg PTH-Fc/wk/CM | E6: Not applicable / No data
A7: Avg PTH-Fc production level: | B7: =Assumptions!C17 -> 7.1 | C7: mg PTH-Fc /kg FW
A10: PLANT GROWTH METRICS
A12: Lettuce Harvest and Planting Metrics
A13: Per 1 harvest cycle and 1 CM
B14: Qty | C14: Unit
A15: Number of harvest cycles | B15: =Assumptions!E17 -> 4 | C15: harvest cycles
A16: Edible biomass at harvest | B16: =(131.35*28)/1000 -> 3.6778 | C16: kg FW/m2
A17: Lettuce planting density | B17: 19.2 | C17: plants/m2
A18: Theoretical mass plant at harvest | B18: =B16/B17 -> 0.19155208 | C18: kg FW/plant
A19: Mass plant required for therapeutic dosage | B19: =B6*(1/B7) -> 0.70422535 | C19: kg FW/wk
A20: Number of plants at harvest | B20: =ROUNDUP(B19/B18,0) -> 4 | C20: plants/wk (dose)
A21: Actual mass plant at harvest, accounting for dosage | B21: =B18*B20 -> 0.76620833 | C21: kg FW/wk
A22: Planting area | B22: =B21/B16 -> 0.20833333 | C22: m2
A23: Per 4 harvest cycles and 1 CM
B24: Qty | C24: Unit
A25: Number of plants | B25: =B20*B15 -> 16 | C25: plants
A26: Mass of plants | B26: =B18*B25 -> 3.0648333 | C26: kg FW
A27: Planting area | B27: =B26/B16 -> 0.83333333 | C27: m2
A29: System FOM Metrics
A30: Process Step | B30: Equipment | C30: Qty (units) | D30: Mass (kg) | E30: Volume (m3) | F30: Power (kWe) | G30: Crew Time (CM-h)
A31: 1: Plant Growth Infrastructure | B31: Plant growth chamber | C31: 1 | D31: =(101.5-22.9-8.4)*B27 -> 58.5 | E31: =(1.03-0.25)*B27 -> 0.65 | F31: =(2.6-2.1-0.075)*B27 -> 0.35416667
B32: Lighting panels | C32: =ROUNDUP(B27*9,0) -> 8 | D32: =0.243*C32 -> 1.944 | E32: =(0.3*0.3*0.001)*C32 -> 0.00072 | F32: =50.7*C32*(1/1000) -> 0.4056
A33: 2: Leaf Harvest Infrastructure | B33: Refrigerator/Freezer | C33: =IF((0.003785*C35*2) <= 0.0187, 1, CEILING((0.003785*C35*2)/0.0187, 1)) -> 2 | D33: =0.75*B21*C33 -> 1.1493125 | E33: =0.00393*B21*C33 -> 0.0060223975 | F33: =0.00033*B21*C33 -> 0.0005056975
B34: Harvesting tools (scissors) | C34: =IF(F47 <= 2, 1, CEILING(F47 / 2, 1)) -> 1 | D34: =0.20411*C34/Assumptions!$B$5 -> 0.034018333 | E34: =0.00064416*C34/Assumptions!$B$5 -> 0.00010736 | H34: Shared across crew, divided by crew size (Assumptions!B5)
B35: Harvest collection container (bags) | C35: =ROUNDUP(B21/(85*0.003785),0) -> 3 | D35: =(7.62/250)*(0.45359/1)*C35 -> 0.04147627 | E35: =(10.5*11*0.00394)*0.00001639*C35 -> 2.2375792e-05
A37: Input, Output, Waste FOM Metrics (1 cycle, 28-day batch time)
A38: Process Step | B38: Input | C38: Mass (kg) | D38: Volume (m3) | E38: Power (kWe) | F38: Crew Time (CM-h)
A39: 1: Plant Growth | B39: Lettuce seeds | C39: =B20*(1.01/1000000) -> 4.04e-06 | D39: =((4.57*1.524*0.5)/(1000^3))*B20 -> 1.392936e-08 | F39: =B20*(1/10)*(1/60)*1.5 -> 0.01
B40: Water | C40: =D40*1000 -> 14.478333 | D40: =(7.3*B22*28)*0.34*0.001 -> 0.014478333 | F40: =90*4*(1/60)*(1/12.5)*(1/365)*28*B22*1.5 -> 0.011506849
B41: Plant nutrients | C41: =(1.166+(12.406*3))*(1/1000)*D40*1000 -> 0.55573635 | F41: =(20.17/10)*(1/60)*(1/12.5)*B22*28*1.5 -> 0.023531667
B42: Carbon dioxide | C42: =(10.7*B22*28)/1000 -> 0.062416667 | D42: =C42/1.82 -> 0.034294872 | F42: =2.13*365*(1/60)*(1/365)*28*1.5 -> 1.491
B43: Output | C43: Mass (kg) | D43: Volume (m3) | E43: Power (kWe) | F43: Crew Time (CM-h)
B44: Oxygen | C44: =7.78*B22*28*(1/1000) -> 0.045383333 | D44: =C44*(1/1.3) -> 0.034910256
B45: Water (transpiration) | C45: =2.1*B22*28 -> 12.25 | D45: =C45*(1/1000) -> 0.01225
A46: Process Step | B46: Output | C46: Mass (kg) | D46: Volume (m3) | E46: Power (kWe) | F46: Crew Time (CM-h)
A47: 2: Leaf Harvest | B47: PTH-Fc | C47: =B6*(1/1000000) -> 5e-06 | F47: =(3.97*B22)*(1/60)*1.5 -> 0.020677083
B48: Plant biomass (dry weight) | C48: =(B16*B22)-C49 -> 0.076620833 | D48: =C48*(1/368) -> 0.00020820879
B49: Water (plant) | C49: =B21*0.9 -> 0.6895875 | D49: =C49*(1/1000) -> 0.0006895875
B50: Calories | E50: =((((B21*17)/0.1)*1000*4.184)/(7*24*3600))/1000 -> 0.00090110559
B51: Macronutrients | C51: =((0.74+0.07+3.37+0.12+0.32)/0.1)*B21*(1/1000) -> 0.035398825
B52: Micronutrients | C52: =((14+0.03+6.3+19+139+16+0.17+0.033+0.082+0.056+0.218+0.04+0.0205)/0.1)*B21*(1/1000000) -> 0.0014937193
B53: Waste | C53: Mass (kg) | D53: Volume (m3) | E53: Power (kWe) | F53: Crew Time (CM-h)
B54: Biomass waste | C54: =(7.3/1000)*B22*28 -> 0.042583333 | D54: =C54*(1/60) -> 0.00070972222
A56: Equivalent System Mass (ESM) Metrics - Plant growth components (1 CM, 600-day mission, 1 dose/week)
A57: Metric | B57: System | C57: Process Inputs | D57: Waste Process Outputs | E57: Useful Process Outputs | F57: Process Operations
A58: Mass (kg) | B58: =SUM(D31:D35) -> 61.668807 | C58: =C39+(C41/4*4)+(C42/4*4) -> 0.61815705 | E58: =SUM((C44/4*4),C47,C48,C49,C51,C52) -> 0.84848921
A59: Volume (m3) | B59: =SUM(E31:E35) -> 0.65687213 | C59: =D39+(D42/4*4) -> 0.034294886 | E59: =SUM((D44/4*4),(D45/4*4),D48,D49) -> 0.048058053
A60: Power (kWe) | B60: =SUM(F31:F33) -> 0.76027236 | E60: =E50 -> 0.00090110559
A61: Thermal Control (kWth) | B61: =SUM(F31:F33) -> 0.76027236
A62: Crew time (CM-hr) | B62: =+SUM(G31:G35) -> 0 | F62: =+F47+SUM(F39,(F40/4*4),(F41/4*4),F42/4) -> 0.4384656
A63: Cold storage mass (kg) | C63: 0 | E63: =B21 -> 0.76620833
A64: Water mass (kg) | B64: =C64-C45-C49 -> 1.5387458 | C64: =(C40/4*4) -> 14.478333 | E64: =C45/4*4 -> 12.25
A65: Solid waste (kg) | D65: =C54 -> 0.042583333
A67: 2022 Baseline Values and Assumptions
A68: Parameter | B68: Volume (kgeq/m3) | C68: Power (kgeq/kW) | D68: Thermal Control (kgeq/kW) | E68: Cold Storage (kgeq/kg) | F68: Waste storage (kgeq/kg) | G68: Water Treatment (kgeq/kg) | H68: Crew Time (kg/CM-h)
A69: Mars Surface Shielded Volume ESM EQ Factors | B69: =Assumptions!B13 -> 79.3 | C69: =Assumptions!C13 -> 162 | D69: =Assumptions!D13 -> 96 | E69: =Assumptions!E13 -> 0.21 | F69: =Assumptions!F13 -> 0.93 | G69: =Assumptions!G13 -> 0.3 | H69: =Assumptions!H13 -> 0.94
A71: Number of batches per week | B71: 1
A72: Number of batches in 86 weeks | B72: =B71*86 -> 86
A74: Category | B74: ESM (kgeq)
A75: System | B75: =B58+(B59*B69)+(B60*C69)+(B61*D69)+(B64*G69) -> 310.37066
A76: Process Operations | B76: =+F62*H69*B72 -> 35.445559
A77: Process Inputs | B77: =B72*(C58+(C59*B69)+(C63*E69)+(C64*G69)) -> 660.58677
A78: Waste process outputs | B78: =B72*((D65*F69)) -> 3.405815
A79: Useful process outputs | B79: =B72*(E58+(E59*B69)+(E60*C69)-(E63*E69)+(E64*G69)) -> 715.48286
A80: ESMBM (kgeq) | B80: =B75+B76+B77+B78-B79 -> 294.32594
A84: FOM Graphs
B85: Mass | F85: Volume | J85: Power | N85: Crew time
B86: System | C86: Input | D86: Output | E86: Waste | F86: System | G86: Input | H86: Output | I86: Waste | J86: System | K86: Input | L86: Output | M86: Waste | N86: System | O86: Process Operations | P86: Input | Q86: Output | R86: Waste
A87: Harvesting collection container | B87: =D35 -> 0.04147627 | F87: =E35 -> 2.2375792e-05
A88: Harvesting tools | B88: =D34 -> 0.034018333 | F88: =E34 -> 0.00010736
A89: Refrigerator/Freezer | B89: =D33 -> 1.1493125 | F89: =E33 -> 0.0060223975 | J89: =F33 -> 0.0005056975
A90: Lighting panels | B90: =D32 -> 1.944 | F90: =E32 -> 0.00072 | J90: =F32 -> 0.4056
A91: Plant growth chamber | B91: =D31 -> 58.5 | F91: =E31 -> 0.65 | J91: =F31 -> 0.35416667
A92: Lettuce seeds | C92: =(C39/4*4)*Assumptions!B7 -> 0.00034744 | G92: =(D39/4*4)*Assumptions!B7 -> 1.197925e-06 | O92: =F39*Assumptions!B7 -> 0.86
A93: Water | C93: =(C40/4*4)*Assumptions!B7 -> 1245.1367 | D93: =((C45/4*4)+C49)*Assumptions!B7 -> 1112.8045 | G93: =D40*Assumptions!B7 -> 1.2451367 | H93: =((D45/4*4)+D49)*Assumptions!B7 -> 1.1128045 | O93: =(F40/4*4)*Assumptions!B7 -> 0.98958904
A94: Plant nutrients | C94: =(C41/4*4)*Assumptions!B7 -> 47.793326 | O94: =(F41/4*4)*Assumptions!B7 -> 2.0237233
A95: Carbon dioxide | C95: =(C42/4*4)*Assumptions!B7 -> 5.3678333 | G95: =D42*Assumptions!B7 -> 2.949359 | O95: =(F42/4)*Assumptions!B7 -> 32.0565
A96: PTH-Fc | D96: =C47*Assumptions!B7 -> 0.00043 | H96: =D47*Assumptions!B7 -> 0
A97: Plant biomass | D97: =C48*Assumptions!B7 -> 6.5893917 | H97: =D48*Assumptions!B7 -> 0.017905956 | O97: =F47*Assumptions!B7 -> 1.7782292
A98: Calories | L98: =E50*Assumptions!B7 -> 0.077495081
A99: Macronutrients | D99: =C51*Assumptions!B7 -> 3.0442989
A100: Micronutrients | D100: =C52*Assumptions!B7 -> 0.12845986
A101: Oxygen | D101: =(C44/4*4)*Assumptions!B7 -> 3.9029667 | H101: =(D44/4*4)*Assumptions!B7 -> 3.0022821
A102: Biomass Waste | E102: =C54*Assumptions!B7 -> 3.6621667 | I102: =D54*Assumptions!B7 -> 0.061036111

Sheet TRANSGENIC-TOBACCO
A1: TRANSGENIC-TOBACCO
A3: PTH-Fc Production Input
B4: Qty | C4: Unit | E4: Legend
A5: Therapeutic dosage (injection or oral): | B5: =Assumptions!B8 -> 5 | C5: mg PTH-Fc/wk/CM | E5: User-editable cell
A6: Therapeutic dosage (injection or oral): | B6: =B5 -> 5 | C6: mg PTH-Fc/wk/CM | E6: Not applicable / No data
A7: Avg PTH-Fc production level: | B7: =Assumptions!C18 -> 28.6 | C7: mg PTH-Fc/kg FW
A10: PLANT GROWTH METRICS
A12: Tobacco Harvest and Planting Metrics
A13: Per 1 harvest cycle and 1 CM
B14: Qty | C14: Unit
A15: Number of harvest cycles | B15: =Assumptions!E18 -> 5 | C15: harvest cycles
A16: Biomass at harvest | B16: =(320/16)*(1/0.0929)*(9830000/982000)*(1/1000) -> 2.1550448 | C16: kg FW/m2
A17: Theoretical mass plant at harvest | B17: =(9830000/982000)*(1/1000) -> 0.010010183 | C17: kg FW/plant
A18: Mass plant required for therapeutic dosage | B18: =B6*(1/B7) -> 0.17482517 | C18: kg FW/wk
A19: Number of plants at harvest | B19: =ROUNDUP(B18/B17,0) -> 18 | C19: plants/wk (dose)
A20: Planting area | B20: =B18/B16 -> 0.081123683 | C20: m2
A21: Per 5 harvest cycles and 1 CM
B22: Qty | C22: Unit
A23: Number of plants | B23: =B19*B15 -> 90 | C23: plants
A24: Mass of plants | B24: =B17*B23 -> 0.9009165 | C24: kg FW
A25: Planting area | B25: =B24/B16 -> 0.41805 | C25: m2
A27: System FOM Metrics
A28: Process Step | B28: Equipment | C28: Qty (units) | D28: Mass (kg) | E28: Volume (m3) | F28: Power (kWe) | G28: Crew Time (CM-h)
A29: 1: Plant Growth | B29: Plant growth chamber | C29: 1 | D29: =(101.5-22.9-8.4)*B25 -> 29.34711 | E29: =(1.03-0.25)*B25 -> 0.326079 | F29: =(2.6-2.1-0.075)*B25 -> 0.17767125
B30: Lighting panels | C30: =ROUNDUP(B25*9,0) -> 4 | D30: =0.243*C30 -> 0.972 | E30: =(0.3*0.3*0.001)*C30 -> 0.00036 | F30: =50.7*C30*(1/1000) -> 0.2028
A31: 2: Leaf Harvest | B31: Refrigerator/Freezer | C31: =IF((0.003785*C33*2) <= 0.0187, 1, CEILING((0.003785*C33*2)/0.0187, 1)) -> 1 | D31: =0.75*B18*C31 -> 0.13111888 | E31: =0.00393*B18*C31 -> 0.00068706294 | F31: =0.00033*B18*C31 -> 5.7692308e-05
B32: Harvesting tools (scissors) | C32: =IF(F45 <= 2, 1, CEILING(F45 / 2, 1)) -> 1 | D32: =0.20411*C32/Assumptions!$B$5 -> 0.034018333 | E32: =0.00064416*C32/Assumptions!$B$5 -> 0.00010736 | H32: Shared across crew, divided by crew size (Assumptions!B5)
B33: Harvest collection container (bags) | C33: =ROUNDUP(B18/(85*0.003785),0) -> 1 | D33: =(7.62/250)*(0.45359/1)*C33 -> 0.013825423 | E33: =(10.5*11*0.00394)*0.00001639*C33 -> 7.4585973e-06
A35: Input, Output, Waste FOM Metrics (1 cycle, 35-day batch time)
A36: Process Step | B36: Input | C36: Mass (kg) | D36: Volume (m3) | E36: Power (kWe) | F36: Crew Time (CM-h)
A37: 1: Plant Growth | B37: N. benthamiana seeds | C37: =0.0004288*B19*2 -> 0.0154368 | D37: =(4/3)*PI()*((0.45/2)^3)*(1/1000^3) -> 4.7712938e-11 | F37: =((B19*2)*(1/10)*(1/60)*1.5)+(4.6*(1/(215*2))*1.5) -> 0.10604651
B38: Water | C38: =D38*1000 -> 7.0472143 | D38: =(7.3*B20*35)*0.34*0.001 -> 0.0070472143 | F38: =90*4*(1/60)*(1/12.5)*(1/365)*35*B20*1.5 -> 0.005600868
B39: Plant nutrients | C39: =((1.166+(12.406*3))*(D38*1000))/1000 -> 0.27050028 | F39: =(20.17/10)*(1/60)*(1/12.5)*B20*35*1.5 -> 0.011453853
B40: Carbon dioxide | C40: =(10.7*B20*35)/1000 -> 0.030380819 | D40: =C40/1.82 -> 0.016692758 | F40: =2.13*365*(1/60)*(1/365)*35*1.5 -> 1.86375
B41: Output | C41: Mass (kg) | D41: Volume (m3) | E41: Power (kWe) | F41: Crew Time (CM-h)
B42: Oxygen | C42: =(7.78*B20*35)/1000 -> 0.022089979 | D42: =C42/1.3 -> 0.016992291
B43: Water (transpiration) | C43: =2.1*B20*35 -> 5.9625907 | D43: =C43/1000 -> 0.0059625907
A44: Process Step | B44: Output | C44: Mass (kg) | D44: Volume (m3) | E44: Power (kWe) | F44: Crew Time (CM-h)
A45: 2: Leaf Harvest | B45: PTH-Fc | C45: =B6/1000000 -> 5e-06 | F45: =(3.97*B20)*(1/60)*1.5 -> 0.0080515255
B46: Plant biomass | C46: =B16*B20 -> 0.17482517 | D46: =C46*(1/60) -> 0.0029137529
B47: Waste | C47: Mass (kg) | D47: Volume (m3) | E47: Power (kWe) | F47: Crew Time (CM-h)
B48: Biomass waste | C48: =(7.3/1000)*B20*35 -> 0.020727101 | D48: =C48*(1/60) -> 0.00034545168
A50: Equivalent System Mass (ESM) Metrics - Plant growth components (1 CM, 600-day mission, 1 dose/week)
A51: Metric | B51: System | C51: Process Inputs | D51: Waste Process Outputs | E51: Useful Process Outputs | F51: Process Operations
A52: Mass (kg) | B52: =SUM(D29:D33) -> 30.498073 | C52: =C37+(C39/5*5)+(C40/5*5) -> 0.31631789 | E52: =SUM((C42/5*5),C45,C46) -> 0.19692015
A53: Volume (m3) | B53: =SUM(E29:E33) -> 0.32724088 | C53: =D37+(D40/5*5) -> 0.016692758 | E53: =SUM((D42/5*5),(D43/5*5),D46) -> 0.025868635
A54: Power (kWe) | B54: =SUM(F29:F31) -> 0.38052894 | E54: 0
A55: Thermal Control (kWth) | B55: =SUM(F29:F31) -> 0.38052894
A56: Crew time (CM-hr) | B56: =+SUM(G29:G33) -> 0 | F56: =+SUM(F37,(F38/5*5),(F39/5*5),(F40/5)+F45) -> 0.50390276
A57: Cold storage mass (kg) | C57: 0 | E57: =B18 -> 0.17482517
A58: Water mass (kg) | B58: =C58-C43 -> 1.0846236 | C58: =(C38/5*5) -> 7.0472143 | E58: =C43/5*5 -> 5.9625907
A59: Solid waste (kg) | D59: =C48 -> 0.020727101
A61: 2022 Baseline Values and Assumptions
A62: Parameter | B62: Volume (kgeq/m3) | C62: Power (kgeq/kWe) | D62: Thermal Control (kgeq/kWth) | E62: Cold Storage (kgeq/kg) | F62: Waste storage (kgeq/kg) | G62: Water Treatment (kgeq/kg) | H62: Crew Time (kg/CM-h)
A63: Mars Surface Shielded Volume ESM EQ Factors | B63: =Assumptions!B13 -> 79.3 | C63: =Assumptions!C13 -> 162 | D63: =Assumptions!D13 -> 96 | E63: =Assumptions!E13 -> 0.21 | F63: =Assumptions!F13 -> 0.93 | G63: =Assumptions!G13 -> 0.3 | H63: =Assumptions!H13 -> 0.94
A65: Number of batches per week | B65: 1
A66: Number of batches in 86 weeks | B66: =B65*86 -> 86
A68: Category | B68: ESM (kgeq)
A69: System | B69: =B52+(B53*B63)+(B54*C63)+(B55*D63)+(B58*G63) -> 154.95013
A70: Process Operations | B70: =+B66*F56*H63 -> 40.735499
A71: Process Inputs | B71: =B66*(C52+(C53*B63)+(C57*E63)+(C58*G63)) -> 322.86274
A72: Waste process outputs | B72: =B66*((D59*F63)) -> 1.6577535
A73: Useful process outputs | B73: =B66*(E52+(E53*B63)+(E54*C63)-(E57*E63)+(E58*G63)) -> 344.03155
A74: ESMBM (kgeq) | B74: =B69+B70+B71+B72-B73 -> 176.17457
A78: FOM Graphs
B79: Mass | F79: Volume | J79: Power | N79: Crew time
B80: System | C80: Input | D80: Output | E80: Waste | F80: System | G80: Input | H80: Output | I80: Waste | J80: System | K80: Input | L80: Output | M80: Waste | N80: System | O80: Process Operations | P80: Input | Q80: Output | R80: Waste
A81: Harvesting collection container | B81: =D33 -> 0.013825423 | F81: =E33 -> 7.4585973e-06
A82: Harvesting tools | B82: =D32 -> 0.034018333 | F82: =E32 -> 0.00010736
A83: Refrigerator/Freezer | B83: =D31 -> 0.13111888 | F83: =E31 -> 0.00068706294 | J83: =F31 -> 5.7692308e-05
A84: Lighting panels | B84: =D30 -> 0.972 | F84: =E30 -> 0.00036 | J84: =F30 -> 0.2028
A85: Plant growth chamber | B85: =D29 -> 29.34711 | F85: =E29 -> 0.326079 | J85: =F29 -> 0.17767125
A86: N. benthamiana seeds | C86: =C37*Assumptions!B7 -> 1.3275648 | G86: =D37*Assumptions!B7 -> 4.1033127e-09 | O86: =F37*Assumptions!B7 -> 9.12
A87: Water | C87: =C38*Assumptions!B7 -> 606.06043 | D87: =C43*Assumptions!B7 -> 512.7828 | G87: =D38*Assumptions!B7 -> 0.60606043 | H87: =D43*Assumptions!B7 -> 0.5127828 | O87: =F38*Assumptions!B7 -> 0.48167465
A88: Plant nutrients | C88: =C39*Assumptions!B7 -> 23.263024 | O88: =F39*Assumptions!B7 -> 0.98503134
A89: Carbon dioxide | C89: =C40*Assumptions!B7 -> 2.6127505 | G89: =D40*Assumptions!B7 -> 1.4355772 | O89: =(F40/5)*Assumptions!B7 -> 32.0565
A90: PTH-Fc | D90: =C45*Assumptions!B7 -> 0.00043
A91: Plant biomass | O91: =F45*Assumptions!B7 -> 0.6924312
A92: Oxygen | D92: =C42*Assumptions!B7 -> 1.8997382 | H92: =D42*Assumptions!B7 -> 1.4613371
A93: Biomass Waste | E93: =C48*Assumptions!B7 -> 1.7825307 | I93: =D48*Assumptions!B7 -> 0.029708845

Sheet GENE GUN
A1: GENE GUN
A3: PTH-Fc Production Input
B4: Qty | C4: Unit | E4: Legend
A5: Therapeutic dosage (injection or oral): | B5: =Assumptions!B8 -> 5 | C5: mg PTH-Fc/wk/CM | E5: User-editable cell
A6: Therapeutic dosage (injection or oral): | B6: =B5 -> 5 | C6: mg PTH-Fc/wk/CM | E6: Not applicable / No data
A7: Avg PTH-Fc production level: | B7: =Assumptions!C19 -> 2.5 | C7: mg PTH-Fc/kg FW
A10: PLANT GROWTH METRICS
A12: Lettuce Harvest and Planting Metrics
A13: Per 1 harvest cycle and 1 CM
B14: Qty | C14: Unit
A15: Number of harvest cycles | B15: 4 | C15: harvest cycles
A16: Edible biomass at harvest | B16: =(131.35*28)/1000 -> 3.6778 | C16: kg FW/m2
A17: Lettuce planting density | B17: 19.2 | C17: plants/m2
A18: Theoretical mass plant at harvest | B18: =B16/B17 -> 0.19155208 | C18: kg FW/plant
A19: Mass plant required for therapeutic dosage | B19: =B6*(1/B7) -> 2 | C19: kg FW/wk
A20: Number of plants at harvest | B20: =ROUNDUP(B19/B18,0) -> 11 | C20: plants/wk (dose)
A21: Actual mass plant at harvest, accounting for dosage | B21: =B18*B20 -> 2.1070729 | C21: kg FW/wk
A22: Planting area | B22: =B21/B16 -> 0.57291667 | C22: m2
A23: Per 4 harvest cycles and 1 CM
B24: Qty | C24: Unit
A25: Number of plants | B25: =B20*B15 -> 44 | C25: plants
A26: Mass of plants | B26: =B18*B25 -> 8.4282917 | C26: kg FW
A27: Planting area | B27: =B26/B16 -> 2.2916667 | C27: m2
A29: System FOM Metrics
A30: Process Step | B30: Equipment | C30: Qty (units) | D30: Mass (kg) | E30: Volume (m3) | F30: Power (kWe) | G30: Crew Time (CM-h)
A31: 1: Plant Growth | B31: Plant growth chamber | C31: 1 | D31: =(101.5-22.9-8.4)*B27 -> 160.875 | E31: =(1.03-0.25)*B27 -> 1.7875 | F31: =(2.6-2.1-0.075)*B27 -> 0.97395833
B32: Lighting panels | C32: =ROUNDUP(B27*9,0) -> 21 | D32: =0.243*C32 -> 5.103 | E32: =(0.3*0.3*0.001)*C32 -> 0.00189 | F32: =50.7*C32*(1/1000) -> 1.0647
A33: 2: Leaf Harvest | B33: Refrigerator/Freezer | C33: =IF((0.003785*C35*2) <= 0.0187, 1, CEILING((0.003785*C35*2)/0.0187, 1)) -> 3 | D33: =0.75*B21*C33 -> 4.7409141 | E33: =0.00393*B21*C33 -> 0.02484239 | F33: =0.00033*B21*C33 -> 0.0020860022
B34: Harvesting tools (scissors) | C34: =IF(F47 <= 2, 1, CEILING(F47 / 2, 1)) -> 1 | D34: =0.20411*C34/Assumptions!$B$5 -> 0.034018333 | E34: =0.00064416*C34/Assumptions!$B$5 -> 0.00010736 | H34: Shared across crew, divided by crew size (Assumptions!B5)
B35: Harvest collection container (bags) | C35: =ROUNDUP(B21/(85*0.003785),0) -> 7 | D35: =(7.62/250)*(0.45359/1)*C35 -> 0.096777962 | E35: =(10.5*11*0.00394)*0.00001639*C35 -> 5.2210181e-05
A37: Input, Output, Waste FOM Metrics (1 cycle, 28-day batch time)
A38: Process Step | B38: Input | C38: Mass (kg) | D38: Volume (m3) | E38: Power (kWe) | F38: Crew Time (CM-h)
A39: 1: Plant Growth | B39: Lettuce seeds | C39: =B20*(1.01/1000000) -> 1.111e-05 | D39: =((4.57*1.524*0.5)/(1000^3))*B20 -> 3.830574e-08 | F39: =B20/(10*60)*1.5 -> 0.0275
B40: Water | C40: =D40*1000 -> 39.815417 | D40: =(7.3*B22*28)*0.34*0.001 -> 0.039815417 | F40: =90*4*(1/60)*(1/12.5)*(1/365)*28*B22*1.5 -> 0.031643836
B41: Plant nutrients | C41: =(1.166+(12.406*3))*(1/1000)*D40*1000 -> 1.528275 | F41: =(20.17/10)*(1/60)*(1/12.5)*B22*28*1.5 -> 0.064712083
B42: Carbon dioxide | C42: =(10.7*B22*28)/1000 -> 0.17164583 | D42: =C42/1.82 -> 0.094310897 | F42: =2.13*365*(1/60)*(1/365)*28*1.5 -> 1.491
B43: Output | C43: Mass (kg) | D43: Volume (m3) | E43: Power (kWe) | F43: Crew Time (CM-h)
B44: Oxygen | C44: =7.78*B22*28*(1/1000) -> 0.12480417 | D44: =C44*(1/1.3) -> 0.096003205
B45: Water (transpiration) | C45: =2.1*B22*28 -> 33.6875 | D45: =C45*(1/1000) -> 0.0336875
A46: Process Step | B46: Output | C46: Mass (kg) | D46: Volume (m3) | E46: Power (kWe) | F46: Crew Time (CM-h)
A47: 2: Leaf Harvest | B47: PTH-Fc | C47: =B6*(1/1000000) -> 5e-06 | F47: =(3.97*B22)*(1/60)*1.5 -> 0.056861979
B48: Plant biomass (dry weight) | C48: =(B16*B22)-C49 -> 0.21070729 | D48: =C48*(1/368) -> 0.00057257416
B49: Water (plant) | C49: =B21*0.9 -> 1.8963656 | D49: =C49*(1/1000) -> 0.0018963656
B50: Calories | E50: =((((B21*17)/0.1)*1000*4.184)/(28*24*3600))/1000 -> 0.0006195101
B51: Macronutrients | C51: =((0.74+0.07+3.37+0.12+0.32)/0.1)*B21*(1/1000) -> 0.097346769
B52: Micronutrients | C52: =((14+0.03+6.3+19+139+16+0.17+0.033+0.082+0.056+0.218+0.04+0.0205)/0.1)*B21*(1/1000000) -> 0.0041077281
B53: Waste | C53: Mass (kg) | D53: Volume (m3) | E53: Power (kWe) | F53: Crew Time (CM-h)
B54: Biomass waste | C54: =(7.3/1000)*B22*28 -> 0.11710417 | D54: =C54*(1/60) -> 0.0019517361
A56: Equivalent System Mass (ESM) Metrics - Plant growth components (1 CM, 600-day mission, 1 dose/week)
A57: Metric | B57: System | C57: Process Inputs | D57: Waste Process Outputs | E57: Useful Process Outputs | F57: Process Operations
A58: Mass (kg) | B58: =SUM(D31:D35) -> 170.84971 | C58: =C39+(C41/4*4)+(C42/4*4) -> 1.6999319 | E58: =SUM((C44/4*4),C47,C48,C49,C51,C52) -> 2.3333366
A59: Volume (m3) | B59: =SUM(E31:E35) -> 1.814392 | C59: =D39+(D42/4*4) -> 0.094310936 | E59: =SUM((D44/4*4),(D45/4*4),D48,D49) -> 0.13215964
A60: Power (kWe) | B60: =SUM(F31:F33) -> 2.0407443 | E60: =E50 -> 0.0006195101
A61: Thermal Control (kWth) | B61: =SUM(F31:F33) -> 2.0407443
A62: Crew time (CM-hr) | B62: 0 | F62: =+SUM(F39,(F40/4*4),(F41/4*4),(F42/4))+F47 -> 0.5534679
A63: Cold storage mass (kg) | C63: 0 | E63: =B21 -> 2.1070729
A64: Water mass (kg) | B64: =C64-C45-C49 -> 4.231551 | C64: =(C40/4*4) -> 39.815417 | E64: =C45/4*4 -> 33.6875
A65: Solid waste (kg) | D65: =C54 -> 0.11710417
A67: 2022 Baseline Values and Assumptions
A68: Parameter | B68: Volume (kgeq/m3) | C68: Power (kgeq/kWe) | D68: Thermal Control (kgeq/kWth) | E68: Cold Storage (kgeq/kg) | F68: Waste storage (kgeq/kg) | G68: Water Treatment (kgeq/kg) | H68: Crew Time (kg/CM-h)
A69: Mars Surface Shielded Volume ESM EQ Factors | B69: =Assumptions!B13 -> 79.3 | C69: =Assumptions!C13 -> 162 | D69: =Assumptions!D13 -> 96 | E69: =Assumptions!E13 -> 0.21 | F69: =Assumptions!F13 -> 0.93 | G69: =Assumptions!G13 -> 0.3 | H69: =Assumptions!H13 -> 0.94
A71: Number of batches per week | B71: 1
A72: Number of batches in 86 weeks | B72: =B71*86 -> 86
A74: Category | B74: ESM (kgeq)
A75: System | B75: =B58+(B59*B69)+(B60*C69)+(B61*D69)+(B64*G69) -> 842.5125
A76: Process Operations | B76: =+B72*F62*H69 -> 44.742345
A77: Process Inputs | B77: =B72*(C58+(C59*B69)+(C64*G69)+(C63*E69)) -> 1816.6136
A78: Waste process outputs | B78: =B72*((D65*F69)) -> 9.3659913
A79: Useful process outputs | B79: =B72*(E58+(E59*B69)+(E60*C69)-(E63*E69)+(E64*G69)) -> 1941.6841
A80: Plant Growth ESMBM (kgeq) | B80: =B75+B76+B77+B78-B79 -> 771.55038
A83: GENE GUN-SPECIFIC METRICS
A85: Assumptions
A86: Assumption | B86: Value | C86: Unit
A87: Assumed gene gun expression | B87: 2.5 | C87: mg PTH-Fc/kg FW
A88: Gene gun tissue weight | B88: 0.13 | C88: mg FW/shot
A89: Shots/kg FW | B89: =1000/B88 -> 7692.3077 | C89: shots/kg FW
A90: PTH-Fc expression/shot | B90: =(B7/(ROUNDDOWN(B89,0)))*1000 -> 0.325013 | C90: ug PTH-Fc/shot
A91: Bullets/holder vial | B91: 100
A92: Shots/battery | B92: 1000
A93: Gene gun system set-up/take-down time | B93: 10 | C93: min
A94: Gene gun system set-up/take-down time | B94: =B93/60 -> 0.16666667 | C94: hr
A95: Shot time | B95: 15 | C95: sec/shot
A96: Shot time | B96: =B95/60/60 -> 0.0041666667 | C96: hr/shot
A97: Bullet loading/unloading time | B97: 3 | C97: min
A98: Bullet loading/unloading time | B98: =B97/60 -> 0.05 | C98: hr
A99: Bullets/cartridge holder | B99: 12
A100: Crew time multiplier | B100: 1.5
A101: Refrigerator/Freezer mass | B101: =321+91 -> 412 | C101: kg
A102: Refrigerator/Freezer external volume | B102: 2 | C102: m3
A103: Refrigerator/Freezer internal volume | B103: 0.614 | C103: m3
A104: Refrigerator/Freezer power | B104: 0.205 | C104: kWe
A105: Required # shots/batch | B105: =ROUNDUP(((B6*1000)/B90),0) -> 15384
A106: Required # bullet vials/batch | B106: =ROUNDUP((B105/B91),0) -> 154
A107: Required # batteries/batch | B107: =ROUNDUP((B105/B92),0) -> 16
A108: Required # refrigerators/freezers per batch | B108: =ROUNDUP(((B106*D150)/B103),0) -> 1
A109: Required # refrigerator/freezers per mission | B109: =ROUNDUP((((B106*D150)*ROUNDUP(Assumptions!B7,0))/B103),0) -> 13
A111: Mass and Volume Calculations
A112: Item (Input) | B112: Mass (g) | C112: Mass (kg) | D112: Shape | E112: Length (L) | F112: Width/Diameter (W/D) | G112: Height (H) | H112: Unit | I112: L (m) | J112: W/D (m) | K112: H (m) | L112: V (m3) | N112: Notes | P112: in to cm
A113: Gene Gun | B113: 1452.5 | C113: =B113/1000 -> 1.4525 | D113: Box | E113: 12.25 | F113: 9 | G113: 4 | H113: in | I113: =(E113*$P$113)/100 -> 0.31115 | J113: =(F113*$P$113)/100 -> 0.2286 | K113: =(G113*$P$113)/100 -> 0.1016 | L113: =I113*J113*K113 -> 0.0072266952 | N113: measured | P113: 2.54
A114: Connector Tubing | B114: 643.2 | C114: =B114/1000 -> 0.6432 | D114: Cylinder | F114: 0.8 | G114: 86 | H114: in | I114: =(E114*$P$113)/100 -> 0 | J114: =(F114*$P$113)/100 -> 0.02032 | K114: =(G114*$P$113)/100 -> 2.1844 | L114: =PI()*((J114/2)^2)*K114 -> 0.00070838516 | N114: measured
...

Sheet AGRO
A1: AGRO
A3: PTH-Fc Production Input
B4: Qty | C4: Unit | E4: Legend
A5: Therapeutic dosage (injection or oral): | B5: =Assumptions!B8 -> 5 | C5: mg PTH-Fc/wk/CM | E5: User-editable cell
A6: Therapeutic dosage (injection or oral): | B6: =B5 -> 5 | C6: mg PTH-Fc/wk/CM | E6: Not applicable / No data
A7: Avg PTH-Fc production level: | B7: =Assumptions!C20 -> 373 | C7: mg PTH-Fc/kg FW
A10: PLANT GROWTH METRICS
A12: Tobacco Harvest and Planting Metrics
A13: Per 1 harvest cycle and 1 CM
B14: Qty | C14: Unit
A15: Number of harvest cycles | B15: 5 | C15: harvest cycles
A16: Biomass at harvest | B16: =(320/16)*(1/0.0929)*(9830000/982000)*(1/1000) -> 2.1550448 | C16: kg FW/m2
A17: Theoretical mass plant at harvest | B17: =(9830000/982000)*(1/1000) -> 0.010010183 | C17: kg FW/plant
A18: Mass plant required for therapeutic dosage | B18: =B6*(1/B7) -> 0.013404826 | C18: kg FW/wk
A19: Number of plants at harvest | B19: =ROUNDUP(B18/B17,0) -> 2 | C19: plants/wk (dose)
A20: Planting area | B20: =B18/B16 -> 0.0062202073 | C20: m2
A21: Per 5 harvest cycles and 1 CM
B22: Qty | C22: Unit
A23: Number of plants | B23: =B19*B15 -> 10 | C23: plants
A24: Mass of plants | B24: =B17*B23 -> 0.10010183 | C24: kg FW
A25: Planting area | B25: =B24/B16 -> 0.04645 | C25: m2
A27: System FOM Metrics
A28: Process Step | B28: Equipment | C28: Qty (units) | D28: Mass (kg) | E28: Volume (m3) | F28: Power (kWe) | G28: Crew Time (CM-h)
A29: 1: Plant Growth | B29: Plant growth chamber | C29: 1 | D29: =(101.5-22.9-8.4)*B25 -> 3.26079 | E29: =(1.03-0.25)*B25 -> 0.036231 | F29: =(2.6-2.1-0.075)*B25 -> 0.01974125
B30: Lighting panels | C30: =ROUNDUP(B25*9,0) -> 1 | D30: =0.243*C30 -> 0.243 | E30: =(0.3*0.3*0.001)*C30 -> 9e-05 | F30: =50.7*C30*(1/1000) -> 0.0507
A31: 2: Leaf Harvest | B31: Refrigerator/Freezer | C31: =IF((0.003785*C33*2) <= 0.0187, 1, CEILING((0.003785*C33*2)/0.0187, 1)) -> 1 | D31: =0.75*B18*C31 -> 0.010053619 | E31: =0.00393*B18*C31 -> 5.2680965e-05 | F31: =0.00033*B18*C31 -> 4.4235925e-06
B32: Harvesting tools (scissors) | C32: =IF(F45 <= 2, 1, CEILING(F45 / 2, 1)) -> 1 | D32: =0.20411*C32/Assumptions!$B$5 -> 0.034018333 | E32: =0.00064416*C32/Assumptions!$B$5 -> 0.00010736 | H32: Shared across crew, divided by crew size (Assumptions!B5)
B33: Harvest collection container (bags) | C33: =ROUNDUP(B18/(85*0.003785),0) -> 1 | D33: =(7.62/250)*(0.45359/1)*C33 -> 0.013825423 | E33: =(10.5*11*0.00394)*0.00001639*C33 -> 7.4585973e-06
A35: Input, Output, Waste FOM Metrics (1 cycle, 35-day batch time)
A36: Process Step | B36: Input | C36: Mass (kg) | D36: Volume (m3) | E36: Power (kWe) | F36: Crew Time (CM-h)
A37: 1: Plant Growth | B37: N. benth seeds | C37: =0.0004288*B19*2 -> 0.0017152 | D37: =(4/3)*PI()*((0.45/2)^3)*(1/1000^3) -> 4.7712938e-11 | F37: =((1/10)*(B19*2)*(1/60)*1.5)+(4.6*(1/(215*2))*1.5) -> 0.026046512
B38: Water | C38: =D38*1000 -> 0.54034941 | D38: =(7.3*B20*35)*0.34*0.001 -> 0.00054034941 | F38: =90*4*(1/60)*(1/12.5)*(1/365)*35*B20*1.5 -> 0.00042944993
B39: Plant nutrients | C39: =((1.166+(12.406*3))*(D38*1000))/1000 -> 0.020740772 | F39: =(20.17/10)*(1/60)*(1/12.5)*B20*35*1.5 -> 0.00087823107
B40: Carbon dioxide | C40: =(10.7*B20*35)/1000 -> 0.0023294676 | D40: =C40/1.82 -> 0.0012799273 | F40: =2.13*365*(1/60)*(1/365)*35*1.5 -> 1.86375
B41: Output | C41: Mass (kg) | D41: Volume (m3) | E41: Power (kWe) | F41: Crew Time (CM-h)
B42: Oxygen | C42: =(7.78*B20*35)/1000 -> 0.0016937625 | D42: =C42/1.3 -> 0.0013028942
B43: Water (transpiration) | C43: =2.1*B20*35 -> 0.45718524 | D43: =C43/1000 -> 0.00045718524
A44: Process Step | B44: Output | C44: Mass (kg) | D44: Volume (m3) | E44: Power (kWe) | F44: Crew Time (CM-h)
A45: 2: Leaf Harvest | B45: PTH-Fc | C45: =B6/1000000 -> 5e-06 | F45: =(3.97*B20)/60*1.5 -> 0.00061735558
B46: Plant biomass | C46: =B16*B20 -> 0.013404826 | D46: =C46*(1/60) -> 0.00022341376
B47: Waste | C47: Mass (kg) | D47: Volume (m3) | E47: Power (kWe) | F47: Crew Time (CM-h)
B48: Biomass waste | C48: =(7.3/1000)*B20*35 -> 0.001589263 | D48: =C48*(1/60) -> 2.6487716e-05
A50: Equivalent System Mass (ESM) Metrics - Plant growth components (1 CM, 600-day mission, 1 dose/week)
A51: Metric | B51: System | C51: Process Inputs | D51: Waste Process Outputs | E51: Useful Process Outputs | F51: Process Operations
A52: Mass (kg) | B52: =SUM(D29:D33) -> 3.5616874 | C52: =C37+(C39/5*5)+(C40/5*5) -> 0.024785439 | E52: =SUM((C42/5*5),C45,C46) -> 0.015103588
A53: Volume (m3) | B53: =SUM(E29:E33) -> 0.0364885 | C53: =D37+(D40/5*5) -> 0.0012799273 | E53: =SUM((D42/5*5),(D43/5*5),D46) -> 0.0019834932
A54: Power (kWe) | B54: =SUM(F29:F31) -> 0.070445674 | E54: 0
A55: Thermal Control (kWth) | B55: =SUM(F29:F31) -> 0.070445674
A56: Crew time (CM-hr) | B56: =+SUM(G29:G33) -> 0 | F56: =+SUM(F37,(F38/5*5),(F39/5*5),(F40/5))+F45 -> 0.40072155
A57: Cold storage mass (kg) | C57: 0 | E57: =B18 -> 0.013404826
A58: Water mass (kg) | B58: =C58-C43 -> 0.083164172 | C58: =(C38/4*4) -> 0.54034941 | E58: =C43/5*5 -> 0.45718524
A59: Solid waste (kg) | D59: =C48 -> 0.001589263
A61: 2022 Baseline Values and Assumptions
A62: Parameter | B62: Volume (kgeq/m3) | C62: Power (kgeq/kWe) | D62: Thermal Control (kgeq/kWth) | E62: Cold Storage (kgeq/kg) | F62: Waste storage (kgeq/kg) | G62: Water Treatment (kgeq/kg) | H62: Crew Time (kg/CM-h)
A63: Mars Surface Shielded Volume ESM EQ Factors | B63: =Assumptions!B13 -> 79.3 | C63: =Assumptions!C13 -> 162 | D63: =Assumptions!D13 -> 96 | E63: =Assumptions!E13 -> 0.21 | F63: =Assumptions!F13 -> 0.93 | G63: =Assumptions!G13 -> 0.3 | H63: =Assumptions!H13 -> 0.94
A65: Number of batches per week | B65: 1
A66: Number of batches in 86 weeks | B66: =B65*86 -> 86
A68: Category | B68: ESM (kgeq)
A69: System | B69: =B52+(B53*B63)+(B54*C63)+(B55*D63)+(B56*H63)+(B58*G63) -> 24.655158
A70: Process Operations | B70: =+B66*F56*H63 -> 32.39433
A71: Process Inputs | B71: =B66*(C52+(C53*B63)+(C57*E63)+(C58*G63)) -> 24.801411
A72: Waste process outputs | B72: =B66*((D59*F63)) -> 0.12710925
A73: Useful process outputs | B73: =B66*(E52+(E53*B63)+(E54*C63)-(E57*E63)+(E58*G63)) -> 26.379224
A74: Total Plant Growth ESMBM (kgeq) | B74: =B69+B70+B71+B72-B73 -> 55.598785
A77: AGRO-SPECIFIC METRICS
A79: AGRO Assumptions
A80: Assumption | B80: Value | C80: Unit | D80: Notes | E80: Reference
A81: Required number of batches | B81: =Assumptions!B7 -> 86 | C81: batches
A82: water density | B82: 1 | C82: g/cm^3
A83: water density | B83: 1000 | C83: kg/m^3
A84: water volume conversion | B84: 1000 | C84: L = m^3
A85: IB demand/plant | B85: =1/20 -> 0.05 | C85: L | D85: "IB" = infiltration buffer, 1L sufficient for 20 plants
A86: IB uptake/plant | B86: =B85*0.1 -> 0.005 | C86: L | D86: 10% liquid uptake during vacuum infiltration
A87: density Agro stock | B87: 1.1 | C87: g/cm^3 | D87: density of E coli | E87: 10.1128/jb.148.1.58-63.1981
A88: molar mass acetosyringone | B88: 196.19 | C88: g/mol
A89: molar mass MES | B89: 195.2 | C89: g/mol
A90: molar mass MgCl2 | B90: 95.21 | C90: g/mol
A91: volume seed culture | B91: 5 | C91: mL
A92: volume second culture | B92: 250 | C92: mL
A93: # plants infiltrated per second culture volume | B93: 20
A94: volume LB/plant | B94: =B91+(B92/B93) -> 17.5 | C94: mL
A95: volume total antibiotics/plant | B95: =B94/1000 -> 0.0175 | C95: mL | D95: all antibiotic stocks together, 1000x dilution working concentration
A96: volume acetosyringone/plant | B96: =1.5*B85 -> 0.075 | C96: mL | D96: 150uM working concentration
A97: volume MES/plant | B97: =10*B85 -> 0.5 | C97: mL | D97: 10mM working concentration
A98: volume MgCl2/plant | B98: =20*B85 -> 1 | C98: mL | D98: 10mM working concentration
A99: volume Silwet/plant | B99: =0.0002*B85 -> 1e-05 | C99: L | D99: 0.02% v/v
A100: volume water/plant (culture) | B100: =B94 -> 17.5 | C100: mL
A101: volume water/plant (infiltration) | B101: =(B85*1000)-B96-B97-B98 -> 48.425 | C101: mL
A102: volume water/plant (total) | B102: =B100+B101 -> 65.925 | C102: mL
A103: mass LB mix/plant | B103: =25*(B94/1000) -> 0.4375 | C103: g | D103: 25g/L
A104: crew time multiplier | B104: 1.5 | E104: personal communication with Gioia Massa, KSC, Feb. 2025
A105: D0 time | B105: 20 | C105: min/batch | D105: LB media prep + sterilization
A106: D0 time | B106: =B105/60 -> 0.33333333 | C106: hr/batch | D106: LB media prep
A107: D1 time | B107: 35 | C107: min/batch | D107: seed culture prep
A108: D1 time | B108: =B107/60 -> 0.58333333 | C108: hr/batch | D108: seed culture prep
A109: D2 time | B109: 30 | C109: min/batch | D109: scale cultures to flasks
A110: D2 time | B110: =B109/60 -> 0.5 | C110: hr/batch | D110: scale cultures to flasks
A111: D3 time | B111: 65 | C111: min/batch | D111: infiltration prep
A112: D3 time | B112: =B111/60 -> 1.0833333 | C112: hr/batch | D112: infiltration prep
A113: infiltration time | B113: 5 | C113: min/plant | D113: infiltration/plant
...

Sheet VIRAL
A1: VIRAL
A3: PTH-Fc Production Input
B4: =Assumptions!B8 -> 5 | C4: Unit | E4: Legend
A5: Therapeutic dosage (injection or oral): | B5: =Assumptions!B8 -> 5 | C5: mg PTH-Fc/wk/CM | E5: User-editable cell
A6: Therapeutic dosage (injection or oral): | B6: =B5 -> 5 | C6: mg PTH-Fc/wk/CM | E6: Not applicable / No data
A7: Avg PTH-Fc production level: | B7: =Assumptions!C21 -> 300 | C7: mg PTH-Fc/kg FW
A10: PLANT GROWTH METRICS
A12: Tobacco Harvest and Planting Metrics
A13: Per 1 harvest cycle and 1 CM
B14: Qty | C14: Unit
A15: Number of harvest cycles | B15: 5 | C15: harvest cycles
A16: Biomass at harvest | B16: =(320/16)*(1/0.0929)*(9830000/982000)*(1/1000) -> 2.1550448 | C16: kg FW/m2
A17: Theoretical mass plant at harvest | B17: =(9830000/982000)*(1/1000) -> 0.010010183 | C17: kg FW/plant
A18: Mass plant required for therapeutic dosage | B18: =B6*(1/B7) -> 0.016666667 | C18: kg FW/wk
A19: Number of plants at harvest | B19: =ROUNDUP(B18/B17,0) -> 2 | C19: plants/wk (dose)
A20: Planting area | B20: =B18/B16 -> 0.0077337911 | C20: m2
A21: Per 5 harvest cycles and 1 CM
B22: Qty | C22: Unit
A23: Number of plants | B23: =B19*B15 -> 10 | C23: plants
A24: Mass of plants | B24: =B17*B23 -> 0.10010183 | C24: kg FW
A25: Planting area | B25: =B24/B16 -> 0.04645 | C25: m2
A27: System FOM Metrics
A28: Process Step | B28: Equipment | C28: Qty (units) | D28: Mass (kg) | E28: Volume (m3) | F28: Power (kWe) | G28: Crew Time (CM-h)
A29: 1: Plant Growth | B29: Plant growth chamber | C29: 1 | D29: =(101.5-22.9-8.4)*B25 -> 3.26079 | E29: =(1.03-0.25)*B25 -> 0.036231 | F29: =(2.6-2.1-0.075)*B25 -> 0.01974125
B30: Lighting panels | C30: =ROUNDUP(B25*9,0) -> 1 | D30: =0.243*C30 -> 0.243 | E30: =(0.3*0.3*0.001)*C30 -> 9e-05 | F30: =50.7*C30*(1/1000) -> 0.0507
A31: 2: Leaf Harvest | B31: Refrigerator/Freezer | C31: =IF((0.003785*C33*2) <= 0.0187, 1, CEILING((0.003785*C33*2)/0.0187, 1)) -> 1 | D31: =0.75*B18*C31 -> 0.0125 | E31: =0.00393*B18*C31 -> 6.55e-05 | F31: =0.00033*B18*C31 -> 5.5e-06
B32: Harvesting tools (scissors) | C32: =IF(F45 <= 2, 1, CEILING(F45 / 2, 1)) -> 1 | D32: =0.20411*C32/Assumptions!$B$5 -> 0.034018333 | E32: =0.00064416*C32/Assumptions!$B$5 -> 0.00010736 | H32: Shared across crew, divided by crew size (Assumptions!B5)
B33: Harvest collection container (bags) | C33: =ROUNDUP(B18/(85*0.003785),0) -> 1 | D33: =(7.62/250)*(0.45359/1)*C33 -> 0.013825423 | E33: =(10.5*11*0.00394)*0.00001639*C33 -> 7.4585973e-06
A35: Input, Output, Waste FOM Metrics (1 cycle, 28-day batch time)
A36: Process Step | B36: Input | C36: Mass (kg) | D36: Volume (m3) | E36: Power (kWe) | F36: Crew Time (CM-h)
A37: 1: Plant Growth | B37: N. benth seeds | C37: =0.0004288*B19*2 -> 0.0017152 | D37: =(4/3)*PI()*((0.45/2)^3)*(1/1000^3) -> 4.7712938e-11 | F37: =((1/10)*(B19*2)*(1/60)*1.5)+(4.6*(1/(215*2))*1.5) -> 0.026046512
B38: Water | C38: =D38*1000 -> 0.67183443 | D38: =(7.3*B20*35)*0.34*0.001 -> 0.00067183443 | F38: =90*4*(1/60)*(1/12.5)*(1/365)*35*B20*1.5 -> 0.00053394941
B39: Plant nutrients | C39: =((1.166+(12.406*3))*(D38*1000))/1000 -> 0.025787693 | F39: =(20.17/10)*(1/60)*(1/12.5)*B20*35*1.5 -> 0.001091934
B40: Carbon dioxide | C40: =(10.7*B20*35)/1000 -> 0.0028963048 | D40: =C40/1.82 -> 0.0015913762 | F40: =2.13*365*(1/60)*(1/365)*35*1.5 -> 1.86375
B41: Output | C41: Mass (kg) | D41: Volume (m3) | E41: Power (kWe) | F41: Crew Time (CM-h)
B42: Oxygen | C42: =(7.78*B20*35)/1000 -> 0.0021059113 | D42: =C42/1.3 -> 0.0016199318
B43: Water (transpiration) | C43: =2.1*B20*35 -> 0.56843365 | D43: =C43/1000 -> 0.00056843365
A44: Process Step | B44: Output | C44: Mass (kg) | D44: Volume (m3) | E44: Power (kWe) | F44: Crew Time (CM-h)
A45: 2: Leaf Harvest | B45: PTH-Fc | C45: =B6/1000000 -> 5e-06 | F45: =(3.97*B20)/60*1.5 -> 0.00076757877
B46: Plant biomass | C46: =B16*B20 -> 0.016666667 | D46: =C46*(1/60) -> 0.00027777778
B47: Waste | C47: Mass (kg) | D47: Volume (m3) | E47: Power (kWe) | F47: Crew Time (CM-h)
B48: Biomass waste | C48: =(7.3/1000)*B20*35 -> 0.0019759836 | D48: =C48*(1/60) -> 3.2933061e-05
A50: Equivalent System Mass (ESM) Metrics - Plant growth components (1 CM, 600-day mission, 1 dose/week)
A51: Metric | B51: System | C51: Process Inputs | D51: Waste Process Outputs | E51: Useful Process Outputs | F51: Process Operations
A52: Mass (kg) | B52: =SUM(D29:D33) -> 3.5641338 | C52: =C37+(C39/5*5)+(C40/5*5) -> 0.030399198 | E52: =SUM((C42/5*5),C45,C46) -> 0.018777578
A53: Volume (m3) | B53: =SUM(E29:E33) -> 0.036501319 | C53: =D37+(D40/5*5) -> 0.0015913763 | E53: =SUM((D42/4*4),(D43/4*4),D46) -> 0.0024661432
A54: Power (kWe) | B54: =SUM(F29:F31) -> 0.07044675 | E54: 0
A55: Thermal Control (kWth) | B55: =SUM(F29:F31) -> 0.07044675
A56: Crew time (CM-hr) | B56: =SUM(G29:G33) -> 0 | F56: =SUM(F37,(F38/5*5),(F39/5*5),(F40/5))+F45 -> 0.40118997
A57: Cold storage mass (kg) | C57: 0 | E57: =B18 -> 0.016666667
A58: Water mass (kg) | B58: =C58-C43 -> 0.10340079 | C58: =(C38/4*4) -> 0.67183443 | E58: =C43/4*4 -> 0.56843365
A59: Solid waste (kg) | D59: =C48 -> 0.0019759836
A61: 2022 Baseline Values and Assumptions
A62: Parameter | B62: Volume (kgeq/m3) | C62: Power (kgeq/kWe) | D62: Thermal Control (kgeq/kWth) | E62: Cold Storage (kgeq/kg) | F62: Waste storage (kgeq/kg) | G62: Water Treatment (kgeq/kg) | H62: Crew Time (kg/CM-h)
A63: Mars Surface Shielded Volume ESM EQ Factors | B63: =Assumptions!B13 -> 79.3 | C63: =Assumptions!C13 -> 162 | D63: =Assumptions!D13 -> 96 | E63: =Assumptions!E13 -> 0.21 | F63: =Assumptions!F13 -> 0.93 | G63: =Assumptions!G13 -> 0.3 | H63: =Assumptions!H13 -> 0.94
A65: Number of batches per week | B65: 1
A66: Number of batches in 86 weeks | B66: =B65*86 -> 86
A68: Category | B68: ESM (kgeq)
A69: System | B69: =B52+(B53*B63)+(B54*C63)+(B55*D63)+(B56*H63)+(B58*G63) -> 24.66497
A70: Process Operations | B70: =+B66*F56*H63 -> 32.432197
A71: Process Inputs | B71: =B66*(C52+(C53*B63)+(C57*E63)+(C58*G63)) -> 30.800527
A72: Waste process outputs | B72: =B66*((D59*F63)) -> 0.15803917
A73: Useful process outputs | B73: =B66*(E52+(E53*B63)+(E54*C63)-(E57*E63)+(E58*G63)) -> 32.798063
A74: Total Plant Growth ESMBM (kgeq) | B74: =B69+B70+B71+B72-B73 -> 55.257671
A77: VIRAL-SPECIFIC METRICS
A79: Assumptions
A80: Assumption | B80: Value | C80: Unit | D80: Notes | E80: Reference
A81: required number of batches | B81: =Assumptions!B7 -> 86 | C81: batches
A82: viral stock volume | B82: 2 | C82: mL/tube
A83: viral stock concentration | B83: 1 | C83: mg/mL
A84: VIS volume | B84: 0.04 | C84: mL/plant | D84: VIS = viral infectivity solution
A85: VIS carborundum concentration | B85: 0.5 | C85: mg/mL
A86: VIS carborundum mass | B86: =B85*B84 -> 0.02 | C86: mg/plant
A87: VIS viral concentration | B87: =B85/5 -> 0.1 | C87: mg/mL
A88: VIS viral mass | B88: =B87*B84 -> 0.004 | C88: mg/plant
A89: VIS viral stock volume | B89: =(B87*B84)/B83 -> 0.004 | C89: mL/plant
A90: VIS water volume | B90: =B84-B89 -> 0.036 | C90: mL H2O/plant
A91: viral stock infectivity | B91: =(B83*B82)/B88 -> 500 | C91: infections/plant/tube of virus
A92: mixing tube | B92: 1 | C92: 2mL tube/"batch"
A93: water density (mass) | B93: 1000 | C93: kg/m3
A94: water volume conversion | B94: 1000 | C94: L = m3
A95: carborundum/50mL tube | B95: =F122 -> 0.1605 | C95: kg
A96: crew time multiplier | B96: 1.5 | E96: personal communication with Gioia Massa, KSC, Feb. 2025
A97: viral mix prep time | B97: 3 | C97: min
A98: viral mix time | B98: =B97/60 -> 0.05 | C98: hr
A99: viral infection time | B99: 30 | C99: sec/plant
A100: viral infection time | B100: =B99/60/60 -> 0.0083333333 | C100: hr/plant
A101: Refrigerator/Freezer mass | B101: =321+91 -> 412 | C101: kg
A102: Refrigerator/Freezer external volume | B102: 2 | C102: m3
A103: Refrigerator/Freezer internal volume | B103: 0.614 | C103: m3
A104: Refrigerator/Freezer power | B104: 0.205 | C104: kW
A105: Balance power | B105: 2.2 | C105: W | E105: Mettler Toledo MX105
A106: balance weight | B106: 7.5 | C106: kg | E106: Mettler Toledo MX105
A107: balance external volume | B107: =Q125 -> 0.029700714 | C107: m3 | E107: Mettler Toledo MX105
A108: Required volume viral stock/week | B108: =B89*B19 -> 0.008 | C108: mL
A109: Required volume viral stock/mission | B109: =B81*B108 -> 0.688 | C109: mL
A110: Required # stock tubes/mission | B110: =ROUNDUP((B109/B82),) -> 1 | C110: unit
A111: Required # refrigerator/freezers per mission | B111: =ROUNDUP(((B110*D131)/B103),) -> 1 | C111: unit
A112: Required mass carb/week | B112: =(B19*B86)/1000 -> 4e-05 | C112: kg
A113: Required mass carb/mission | B113: =B112*B81 -> 0.00344 | C113: kg
...
