Workbook

Sheet Assumptions
A1: Shared Assumptions and Equivalency Factors
A3: Mission Parameters
A4: Parameter | B4: Value | C4: Unit | E4: Legend
A5: Crew size | B5: 6 | C5: crew members | E5: User-editable cell
A6: Mission surface duration | B6: =+B7*7 -> 602 | C6: days | E6: Not applicable / No data
A7: Mission duration (weeks) | B7: 86 | C7: weeks
A8: Base case dose | B8: 5 | C8: mg PTH-Fc/CM/week
A9: Total mission dose per CM | B9: =B7*B8 -> 430 | C9: mg PTH-Fc/CM/mission
A11: 2022 Baseline Values and Assumptions
A12: Parameter | B12: Volume (kgeq/m3) | C12: Power (kgeq/kWe) | D12: Thermal Control (kgeq/kWth) | E12: Cold Storage (kgeq/kg) | F12: Waste Storage (kgeq/kg) | G12: Water Treatment (kgeq/kg) | H12: Crew Time (kgeq/CM-h)
A13: Mars Surface Shielded Volume ESM EQ Factors | B13: 79.3 | C13: 162 | D13: 96 | E13: 0.21 | F13: 0.93 | G13: 0.3 | H13: 0.94
A15: PTH-Fc Expression Level by Scenario
A16: Scenario | B16: Host | C16: Expression Level (mg PTH-Fc dimer/kg FW) | D16: Days to Harvest | E16: Concurrent Batches for weekly Batches
A17: TRANSGENIC-LETTUCE | B17: L. sativa | C17: 7.1 | D17: 28 | E17: =+D17/7 -> 4
A18: TRANSGENIC-TOBACCO | B18: N. benthamiana | C18: 28.6 | D18: 35 | E18: =+D18/7 -> 5
A19: GENE GUN | B19: L. sativa | C19: 2.5 | D19: 28 | E19: =+D19/7 -> 4
A20: AGRO | B20: N. benthamiana | C20: 373 | D20: 35 | E20: =+D20/7 -> 5
A21: VIRAL | B21: N. benthamiana | C21: 300 | D21: 35 | E21: =+D21/7 -> 5

Sheet FLOWN
A1: FLOWN
A3: Key Assumptions
A4: • Each injection pen contains 0.600 mg of PTH-Fc per pen (2.4 mL with a 0.25 mg/mL concentration), the same as the mass of biologic in each Forteo injection pen
A5: • Pens must be refrigerated at 2-8°C during storage and between uses
A6: • Needles are neglected, as these might be required for all delivery routes
A7: • Shelf life at refrigerated conditions is assumed to be at least 2 years under refrigerated storage conditions based on https://www.ema.europa.eu/en/documents/scientific-discussion/forsteo-epar-scientific-discussion_en.pdf
A8: • 602 days of surface operation with 86 weekly batches
A9: • Pens are stored at 4°C in an ISS refrigerator per BVAD 2022 Table 4-49; multiple refrigerators of the same size are used as needed
A12: Calculated Quantity | B12: Value | C12: Units | D12: Notes | F12: Legend
A13: Dose required | B13: =Assumptions!B8 -> 5 | C13: mg PTH-Fc/CM/week | F13: User-editable cell
A14: Number of pens required per CM over 600 days | B14: =ROUNDUP(+$B$13*Assumptions!B7/(28*0.02),0) -> 768 | C14: unit | D14: Calculated | F14: Not applicable / No data
A15: Mass of a single box containing an injector pen | B15: 87 | C15: grams | D15: Estimate
A16: Volume of a single box containing an injector pen | B16: 30 | C16: inch3 | D16: Estimate
A17: Mass of single box without the injector pen | B17: 52 | C17: grams | D17: Estimate
A18: Mass of single Forteo injection pen (full) | B18: 35 | C18: grams | D18: Estimate
A19: Volume of a single Forteo injection pen | B19: 1.6 | C19: inch3 | D19: Estimate
A20: Mass of a single Forteo injection pen (empty) | B20: 32.76 | C20: grams | D20: Calculated
A21: Volume of a single crushed box/packaging | B21: 9 | C21: inch3 | D21: Assumed/calculated
A22: Min. refrigerator volume for 600-day supply, 1 CM | B22: =B16*B14*0.0254^3 -> 0.37755795 | C22: m3 | D22: Calculated
A24: System FOM Metrics
A25: Process Step | B25: Equipment | C25: Qty (units) | D25: Mass (kg) | E25: Volume (m3) | F25: Power (kWe) | G25: Crew Time (CM-hr)
A26: Refrigeration | B26: Refrigerator/Freezer | C26: =+ROUNDUP(B22/0.614,0) -> 1 | D26: =(321+91)*C26 -> 412 | E26: =2*C26 -> 2 | F26: =0.205*C26 -> 0.205 | G26: 0
A28: Input, Output, and Waste FOM Metrics (600-day mission)
A29: Process Step | B29: Category | C29: Qty (units) | D29: Mass (kg) | E29: Volume (m3) | F29: Crew Time (CM-hr) | G29: Power (kWe)
A30: Forteo Pen Usage | B30: Input | C30: =B14 -> 768 | D30: =(B15*B14)/1000 -> 66.816 | E30: =+C30*B16*0.000016387 -> 0.37755648 | F30: 0 | G30: 0
B31: Output | C31: 0 | D31: 0 | E31: 0 | F31: 0 | G31: 0
B32: Forteo pen waste | C32: =+B14 -> 768 | D32: =+C32*B18/1000 -> 26.88 | E32: =(B19*0.0254^3)*C32 -> 0.020136424
B33: Packaging waste | C33: =+B14 -> 768 | D33: =(B17*C33)/1000 -> 39.936 | E33: =(B21*0.0254^3)*C33 -> 0.11326739
A35: Equivalent System Mass Metrics (per CM for entire mission)
A36: Metric | B36: System | C36: Process Inputs (per CM per mission) | D36: Waste Outputs (per CM per mission) | E36: Useful Outputs (per CM per mission) | F36: Process Operations (per CM per mission)
A37: Mass (kg) | B37: =D26 -> 412 | C37: =+D30 -> 66.816 | E37: 0
A38: Volume (m3) | B38: =E26 -> 2 | C38: =E30 -> 0.37755648 | E38: 0
A39: Power (kWe) | B39: =F26 -> 0.205 | E39: 0
A40: Thermal Control (kWth) | B40: =F26 -> 0.205
A41: Cold storage mass (kg) | C41: 0 | E41: 0
A42: Crew time (hr) | B42: =G26 -> 0 | F42: 0
A43: Water mass (kg) | B43: 0 | C43: 0 | E43: 0
A44: Solid waste (kg) | D44: =SUM(D32:D33) -> 66.816
A46: 2022 Baseline Values and Assumptions
A47: Parameter | B47: Volume (kgeq/m3) | C47: Power (kgeq/kWe) | D47: Thermal Control (kgeq/kWth) | E47: Cold Storage (kgeq/kg) | F47: Waste storage (kgeq/kg) | G47: Water Treatment (kgeq/kg) | H47: Crew Time (kg/CM-h)
A48: Mars Surface Shielded Volume ESM EQ Factors | B48: =Assumptions!B13 -> 79.3 | C48: =Assumptions!C13 -> 162 | D48: =Assumptions!D13 -> 96 | E48: =Assumptions!E13 -> 0.21 | F48: =Assumptions!F13 -> 0.93 | G48: =Assumptions!G13 -> 0.3 | H48: =Assumptions!H13 -> 0.94
A50: Category | B50: ESM (kgeq)
A51: System | B51: =B37+(B38*B48)+(B39*C48)+(B40*D48)+(B42*H48) -> 623.49
A52: Process Operations | B52: =+F42 -> 0
A53: Process Inputs | B53: =C37+(C38*B48)+(C41*E48) -> 96.756229
A54: Waste outputs | B54: =(D44*F48) -> 62.13888
A55: Useful process outputs | B55: =0 -> 0
A56: ESMBM (kgeq) | B56: =B51+B52+B53+B54-B55 -> 782.38511
A60: FOM Graphs
B61: Mass | F61: Volume | J61: Power | N61: Crew time
B62: System | C62: Input | D62: Output | E62: Waste | F62: System | G62: Input | H62: Output | I62: Waste | J62: System | K62: Input | L62: Output | M62: Waste | N62: System | O62: Process Operations | P62: Input | Q62: Output | R62: Waste
A63: Refrigerator/Freezer | B63: =D26 -> 412 | F63: =E26 -> 2 | J63: =F26 -> 0.205
A64: Injection Pens (packaged) | C64: =D30 -> 66.816 | G64: =E30 -> 0.37755648
A65: Used Injection Pens | E65: =D32 -> 26.88 | I65: =E32 -> 0.020136424
A66: Waste Packaging | E66: =D33 -> 39.936 | I66: =E33 -> 0.11326739

Sheet TRANSGENIC-LETTUCE
A1: TRANSGENIC-LETTUCE
A3: PTH-Fc Production Input
B4: Qty | C4: Unit | E4: Legend
A5: Therapeutic dosage (injection or oral): | B5: =Assumptions!B8 -> 5 | C5: mg PTH-Fc /wk/CM | E5: User-editable cell
A6: Avg PTH-Fc production level: | B6: =Assumptions!C17 -> 7.1 | C6: mg PTH-Fc /kg FW | E6: Not applicable / No data
A9: PLANT GROWTH METRICS
A11: Lettuce Harvest and Planting Metrics
A12: Per 1 harvest cycle and 1 CM
B13: Qty | C13: Unit
A14: Number of harvest cycles | B14: =Assumptions!E17 -> 4 | C14: harvest cycles
A15: Edible biomass at harvest | B15: =(131.35*28)/1000 -> 3.6778 | C15: kg FW/m2
A16: Lettuce planting density | B16: 19.2 | C16: plants/m2
A17: Theoretical mass plant at harvest | B17: =B15/B16 -> 0.19155208 | C17: kg FW/plant
A18: Mass plant required for therapeutic dosage | B18: =B5*(1/B6) -> 0.70422535 | C18: kg FW/wk
A19: Number of plants at harvest | B19: =ROUNDUP(B18/B17,0) -> 4 | C19: plants/wk (dose)
A20: Actual mass plant at harvest, accounting for dosage | B20: =B17*B19 -> 0.76620833 | C20: kg FW/wk
A21: Planting area | B21: =B20/B15 -> 0.20833333 | C21: m2
A22: Per 4 harvest cycles and 1 CM
B23: Qty | C23: Unit
A24: Number of plants | B24: =B19*B14 -> 16 | C24: plants
A25: Mass of plants | B25: =B17*B24 -> 3.0648333 | C25: kg FW
A26: Planting area | B26: =B25/B15 -> 0.83333333 | C26: m2
A28: System FOM Metrics
A29: Process Step | B29: Equipment | C29: Qty (units) | D29: Mass (kg) | E29: Volume (m3) | F29: Power (kWe) | G29: Crew Time (CM-h)
A30: 1: Plant Growth Infrastructure | B30: Plant growth chamber | C30: 1 | D30: =(101.5-22.9-8.4)*B26 -> 58.5 | E30: =(1.03-0.25)*B26 -> 0.65 | F30: =(2.6-2.1-0.075)*B26 -> 0.35416667
B31: Lighting panels | C31: =ROUNDUP(B26*9,0) -> 8 | D31: =0.243*C31 -> 1.944 | E31: =(0.3*0.3*0.001)*C31 -> 0.00072 | F31: =50.7*C31*(1/1000) -> 0.4056
A32: 2: Leaf Harvest Infrastructure | B32: Refrigerator/Freezer | C32: =IF((0.003785*C34*2) <= 0.0187, 1, CEILING((0.003785*C34*2)/0.0187, 1)) -> 2 | D32: =0.75*B20*C32 -> 1.1493125 | E32: =0.00393*B20*C32 -> 0.0060223975 | F32: =0.00033*B20*C32 -> 0.0005056975
B33: Harvesting tools (scissors) | C33: =IF(F46 <= 2, 1, CEILING(F46 / 2, 1)) -> 1 | D33: =0.20411*C33/Assumptions!$B$5 -> 0.034018333 | E33: =0.00064416*C33/Assumptions!$B$5 -> 0.00010736 | H33: Shared across crew, divided by crew size (Assumptions!B5)
B34: Harvest collection container (bags) | C34: =ROUNDUP(B20/(85*0.003785),0) -> 3 | D34: =(7.62/250)*(0.45359/1)*C34 -> 0.04147627 | E34: =(10.5*11*0.00394)*0.00001639*C34 -> 2.2375792e-05
A36: Input, Output, Waste FOM Metrics (1 cycle, 28-day batch time)
A37: Process Step | B37: Input | C37: Mass (kg) | D37: Volume (m3) | E37: Power (kWe) | F37: Crew Time (CM-h)
A38: 1: Plant Growth | B38: Lettuce seeds | C38: =B19*(1.01/1000000) -> 4.04e-06 | D38: =((4.57*1.524*0.5)/(1000^3))*B19 -> 1.392936e-08 | F38: =B19*(1/10)*(1/60)*1.5 -> 0.01
B39: Water | C39: =D39*1000 -> 14.478333 | D39: =(7.3*B21*28)*0.34*0.001 -> 0.014478333 | F39: =90*4*(1/60)*(1/12.5)*(1/365)*28*B21*1.5 -> 0.011506849
B40: Plant nutrients | C40: =(1.166+(12.406*3))*(1/1000)*D39*1000 -> 0.55573635 | F40: =(20.17/10)*(1/60)*(1/12.5)*B21*28*1.5 -> 0.023531667
B41: Carbon dioxide | C41: =(10.7*B21*28)/1000 -> 0.062416667 | D41: =C41/1.82 -> 0.034294872 | F41: =2.13*365*(1/60)*(1/365)*28*1.5 -> 1.491
B42: Output | C42: Mass (kg) | D42: Volume (m3) | E42: Power (kWe) | F42: Crew Time (CM-h)
B43: Oxygen | C43: =7.78*B21*28*(1/1000) -> 0.045383333 | D43: =C43*(1/1.3) -> 0.034910256
B44: Water (transpiration) | C44: =2.1*B21*28 -> 12.25 | D44: =C44*(1/1000) -> 0.01225
A45: Process Step | B45: Output | C45: Mass (kg) | D45: Volume (m3) | E45: Power (kWe) | F45: Crew Time (CM-h)
A46: 2: Leaf Harvest | B46: PTH-Fc | C46: =B5*(1/1000000) -> 5e-06 | F46: =(3.97*B21)*(1/60)*1.5 -> 0.020677083
B47: Plant biomass (dry weight) | C47: =(B15*B21)-C48 -> 0.076620833 | D47: =C47*(1/368) -> 0.00020820879
B48: Water (plant) | C48: =B20*0.9 -> 0.6895875 | D48: =C48*(1/1000) -> 0.0006895875
B49: Calories | E49: =((((B20*17)/0.1)*1000*4.184)/(7*24*3600))/1000 -> 0.00090110559
B50: Macronutrients | C50: =((0.74+0.07+3.37+0.12+0.32)/0.1)*B20*(1/1000) -> 0.035398825
B51: Micronutrients | C51: =((14+0.03+6.3+19+139+16+0.17+0.033+0.082+0.056+0.218+0.04+0.0205)/0.1)*B20*(1/1000000) -> 0.0014937193
B52: Waste | C52: Mass (kg) | D52: Volume (m3) | E52: Power (kWe) | F52: Crew Time (CM-h)
B53: Biomass waste | C53: =(7.3/1000)*B21*28 -> 0.042583333 | D53: =C53*(1/60) -> 0.00070972222
A55: Equivalent System Mass (ESM) Metrics - Plant growth components (1 CM, 600-day mission, 1 dose/week)
A56: Metric | B56: System | C56: Process Inputs | D56: Waste Process Outputs | E56: Useful Process Outputs | F56: Process Operations
A57: Mass (kg) | B57: =SUM(D30:D34) -> 61.668807 | C57: =C38+(C40/4*4)+(C41/4*4) -> 0.61815705 | E57: =SUM((C43/4*4),C46,C47,C48,C50,C51) -> 0.84848921
A58: Volume (m3) | B58: =SUM(E30:E34) -> 0.65687213 | C58: =D38+(D41/4*4) -> 0.034294886 | E58: =SUM((D43/4*4),(D44/4*4),D47,D48) -> 0.048058053
A59: Power (kWe) | B59: =SUM(F30:F32) -> 0.76027236 | E59: =E49 -> 0.00090110559
A60: Thermal Control (kWth) | B60: =SUM(F30:F32) -> 0.76027236
A61: Crew time (CM-hr) | B61: =+SUM(G30:G34) -> 0 | F61: =+F46+SUM(F38,(F39/4*4),(F40/4*4),F41/4) -> 0.4384656
A62: Cold storage mass (kg) | C62: 0 | E62: =B20 -> 0.76620833
A63: Water mass (kg) | B63: =C63-C44-C48 -> 1.5387458 | C63: =(C39/4*4) -> 14.478333 | E63: =C44/4*4 -> 12.25
A64: Solid waste (kg) | D64: =C53 -> 0.042583333
A66: 2022 Baseline Values and Assumptions
A67: Parameter | B67: Volume (kgeq/m3) | C67: Power (kgeq/kW) | D67: Thermal Control (kgeq/kW) | E67: Cold Storage (kgeq/kg) | F67: Waste storage (kgeq/kg) | G67: Water Treatment (kgeq/kg) | H67: Crew Time (kg/CM-h)
A68: Mars Surface Shielded Volume ESM EQ Factors | B68: =Assumptions!B13 -> 79.3 | C68: =Assumptions!C13 -> 162 | D68: =Assumptions!D13 -> 96 | E68: =Assumptions!E13 -> 0.21 | F68: =Assumptions!F13 -> 0.93 | G68: =Assumptions!G13 -> 0.3 | H68: =Assumptions!H13 -> 0.94
A70: Number of batches per week | B70: 1
A71: Number of batches in mission duration (weeks) | B71: =B70*Assumptions!B7 -> 86
A73: Category | B73: ESM (kgeq)
A74: System | B74: =B57+(B58*B68)+(B59*C68)+(B60*D68)+(B63*G68)+(B61*H68) -> 310.37066
A75: Process Operations | B75: =+F61*H68*B71 -> 35.445559
A76: Process Inputs | B76: =B71*(C57+(C58*B68)+(C62*E68)+(C63*G68)) -> 660.58677
A77: Waste process outputs | B77: =B71*((D64*F68)) -> 3.405815
A78: Useful process outputs | B78: =B71*(E57+(E58*B68)+(E59*C68)-(E62*E68)+(E63*G68)) -> 715.48286
A79: ESMBM (kgeq) | B79: =B74+B75+B76+B77-B78 -> 294.32594
A83: FOM Graphs
B84: Mass | F84: Volume | J84: Power | N84: Crew time
B85: System | C85: Input | D85: Output | E85: Waste | F85: System | G85: Input | H85: Output | I85: Waste | J85: System | K85: Input | L85: Output | M85: Waste | N85: System | O85: Process Operations | P85: Input | Q85: Output | R85: Waste
A86: Harvesting collection container | B86: =D34 -> 0.04147627 | F86: =E34 -> 2.2375792e-05
A87: Harvesting tools | B87: =D33 -> 0.034018333 | F87: =E33 -> 0.00010736
A88: Refrigerator/Freezer | B88: =D32 -> 1.1493125 | F88: =E32 -> 0.0060223975 | J88: =F32 -> 0.0005056975
A89: Lighting panels | B89: =D31 -> 1.944 | F89: =E31 -> 0.00072 | J89: =F31 -> 0.4056
A90: Plant growth chamber | B90: =D30 -> 58.5 | F90: =E30 -> 0.65 | J90: =F30 -> 0.35416667
A91: Lettuce seeds | C91: =(C38/4*4)*Assumptions!B7 -> 0.00034744 | G91: =(D38/4*4)*Assumptions!B7 -> 1.197925e-06 | O91: =F38*Assumptions!B7 -> 0.86
A92: Water | C92: =(C39/4*4)*Assumptions!B7 -> 1245.1367 | D92: =((C44/4*4)+C48)*Assumptions!B7 -> 1112.8045 | G92: =D39*Assumptions!B7 -> 1.2451367 | H92: =((D44/4*4)+D48)*Assumptions!B7 -> 1.1128045 | O92: =(F39/4*4)*Assumptions!B7 -> 0.98958904
A93: Plant nutrients | C93: =(C40/4*4)*Assumptions!B7 -> 47.793326 | O93: =(F40/4*4)*Assumptions!B7 -> 2.0237233
A94: Carbon dioxide | C94: =(C41/4*4)*Assumptions!B7 -> 5.3678333 | G94: =D41*Assumptions!B7 -> 2.949359 | O94: =(F41/4)*Assumptions!B7 -> 32.0565
A95: PTH-Fc | D95: =C46*Assumptions!B7 -> 0.00043 | H95: =D46*Assumptions!B7 -> 0
A96: Plant biomass | D96: =C47*Assumptions!B7 -> 6.5893917 | H96: =D47*Assumptions!B7 -> 0.017905956 | O96: =F46*Assumptions!B7 -> 1.7782292
A97: Calories | L97: =E49*Assumptions!B7 -> 0.077495081
A98: Macronutrients | D98: =C50*Assumptions!B7 -> 3.0442989
A99: Micronutrients | D99: =C51*Assumptions!B7 -> 0.12845986
A100: Oxygen | D100: =(C43/4*4)*Assumptions!B7 -> 3.9029667 | H100: =(D43/4*4)*Assumptions!B7 -> 3.0022821
A101: Biomass Waste | E101: =C53*Assumptions!B7 -> 3.6621667 | I101: =D53*Assumptions!B7 -> 0.061036111

Sheet TRANSGENIC-TOBACCO
A1: TRANSGENIC-TOBACCO
A3: PTH-Fc Production Input
B4: Qty | C4: Unit | E4: Legend
A5: Therapeutic dosage (injection or oral): | B5: =Assumptions!B8 -> 5 | C5: mg PTH-Fc/wk/CM | E5: User-editable cell
A6: Avg PTH-Fc production level: | B6: =Assumptions!C18 -> 28.6 | C6: mg PTH-Fc/kg FW | E6: Not applicable / No data
A9: PLANT GROWTH METRICS
A11: Tobacco Harvest and Planting Metrics
A12: Per 1 harvest cycle and 1 CM
B13: Qty | C13: Unit
A14: Number of harvest cycles | B14: =Assumptions!E18 -> 5 | C14: harvest cycles
A15: Biomass at harvest | B15: =(320/16)*(1/0.0929)*(9830000/982000)*(1/1000) -> 2.1550448 | C15: kg FW/m2
A16: Theoretical mass plant at harvest | B16: =(9830000/982000)*(1/1000) -> 0.010010183 | C16: kg FW/plant
A17: Mass plant required for therapeutic dosage | B17: =B5*(1/B6) -> 0.17482517 | C17: kg FW/wk
A18: Number of plants at harvest | B18: =ROUNDUP(B17/B16,0) -> 18 | C18: plants/wk (dose)
A19: Planting area | B19: =B17/B15 -> 0.081123683 | C19: m2
A20: Per 5 harvest cycles and 1 CM
B21: Qty | C21: Unit
A22: Number of plants | B22: =B18*B14 -> 90 | C22: plants
A23: Mass of plants | B23: =B16*B22 -> 0.9009165 | C23: kg FW
A24: Planting area | B24: =B23/B15 -> 0.41805 | C24: m2
A26: System FOM Metrics
A27: Process Step | B27: Equipment | C27: Qty (units) | D27: Mass (kg) | E27: Volume (m3) | F27: Power (kWe) | G27: Crew Time (CM-h)
A28: 1: Plant Growth | B28: Plant growth chamber | C28: 1 | D28: =(101.5-22.9-8.4)*B24 -> 29.34711 | E28: =(1.03-0.25)*B24 -> 0.326079 | F28: =(2.6-2.1-0.075)*B24 -> 0.17767125
B29: Lighting panels | C29: =ROUNDUP(B24*9,0) -> 4 | D29: =0.243*C29 -> 0.972 | E29: =(0.3*0.3*0.001)*C29 -> 0.00036 | F29: =50.7*C29*(1/1000) -> 0.2028
A30: 2: Leaf Harvest | B30: Refrigerator/Freezer | C30: =IF((0.003785*C32*2) <= 0.0187, 1, CEILING((0.003785*C32*2)/0.0187, 1)) -> 1 | D30: =0.75*B17*C30 -> 0.13111888 | E30: =0.00393*B17*C30 -> 0.00068706294 | F30: =0.00033*B17*C30 -> 5.7692308e-05
B31: Harvesting tools (scissors) | C31: =IF(F44 <= 2, 1, CEILING(F44 / 2, 1)) -> 1 | D31: =0.20411*C31/Assumptions!$B$5 -> 0.034018333 | E31: =0.00064416*C31/Assumptions!$B$5 -> 0.00010736 | H31: Shared across crew, divided by crew size (Assumptions!B5)
B32: Harvest collection container (bags) | C32: =ROUNDUP(B17/(85*0.003785),0) -> 1 | D32: =(7.62/250)*(0.45359/1)*C32 -> 0.013825423 | E32: =(10.5*11*0.00394)*0.00001639*C32 -> 7.4585973e-06
A34: Input, Output, Waste FOM Metrics (1 cycle, 35-day batch time)
A35: Process Step | B35: Input | C35: Mass (kg) | D35: Volume (m3) | E35: Power (kWe) | F35: Crew Time (CM-h)
A36: 1: Plant Growth | B36: N. benthamiana seeds | C36: =0.0004288*B18*2 -> 0.0154368 | D36: =(4/3)*PI()*((0.45/2)^3)*(1/1000^3) -> 4.7712938e-11 | F36: =((B18*2)*(1/10)*(1/60)*1.5)+(4.6*(1/(215*2))*1.5) -> 0.10604651
B37: Water | C37: =D37*1000 -> 7.0472143 | D37: =(7.3*B19*35)*0.34*0.001 -> 0.0070472143 | F37: =90*4*(1/60)*(1/12.5)*(1/365)*35*B19*1.5 -> 0.005600868
B38: Plant nutrients | C38: =((1.166+(12.406*3))*(D37*1000))/1000 -> 0.27050028 | F38: =(20.17/10)*(1/60)*(1/12.5)*B19*35*1.5 -> 0.011453853
B39: Carbon dioxide | C39: =(10.7*B19*35)/1000 -> 0.030380819 | D39: =C39/1.82 -> 0.016692758 | F39: =2.13*365*(1/60)*(1/365)*35*1.5 -> 1.86375
B40: Output | C40: Mass (kg) | D40: Volume (m3) | E40: Power (kWe) | F40: Crew Time (CM-h)
B41: Oxygen | C41: =(7.78*B19*35)/1000 -> 0.022089979 | D41: =C41/1.3 -> 0.016992291
B42: Water (transpiration) | C42: =2.1*B19*35 -> 5.9625907 | D42: =C42/1000 -> 0.0059625907
A43: Process Step | B43: Output | C43: Mass (kg) | D43: Volume (m3) | E43: Power (kWe) | F43: Crew Time (CM-h)
A44: 2: Leaf Harvest | B44: PTH-Fc | C44: =B5/1000000 -> 5e-06 | F44: =(3.97*B19)*(1/60)*1.5 -> 0.0080515255
B45: Plant biomass | C45: =B15*B19 -> 0.17482517 | D45: =C45*(1/60) -> 0.0029137529
B46: Waste | C46: Mass (kg) | D46: Volume (m3) | E46: Power (kWe) | F46: Crew Time (CM-h)
B47: Biomass waste | C47: =(7.3/1000)*B19*35 -> 0.020727101 | D47: =C47*(1/60) -> 0.00034545168
A49: Equivalent System Mass (ESM) Metrics - Plant growth components (1 CM, 600-day mission, 1 dose/week)
A50: Metric | B50: System | C50: Process Inputs | D50: Waste Process Outputs | E50: Useful Process Outputs | F50: Process Operations
A51: Mass (kg) | B51: =SUM(D28:D32) -> 30.498073 | C51: =C36+(C38/5*5)+(C39/5*5) -> 0.31631789 | E51: =SUM((C41/5*5),C44,C45) -> 0.19692015
A52: Volume (m3) | B52: =SUM(E28:E32) -> 0.32724088 | C52: =D36+(D39/5*5) -> 0.016692758 | E52: =SUM((D41/5*5),(D42/5*5),D45) -> 0.025868635
A53: Power (kWe) | B53: =SUM(F28:F30) -> 0.38052894 | E53: 0
A54: Thermal Control (kWth) | B54: =SUM(F28:F30) -> 0.38052894
A55: Crew time (CM-hr) | B55: =+SUM(G28:G32) -> 0 | F55: =+SUM(F36,(F37/5*5),(F38/5*5),(F39/5)+F44) -> 0.50390276
A56: Cold storage mass (kg) | C56: 0 | E56: =B17 -> 0.17482517
A57: Water mass (kg) | B57: =C57-C42 -> 1.0846236 | C57: =(C37/5*5) -> 7.0472143 | E57: =C42/5*5 -> 5.9625907
A58: Solid waste (kg) | D58: =C47 -> 0.020727101
A60: 2022 Baseline Values and Assumptions
A61: Parameter | B61: Volume (kgeq/m3) | C61: Power (kgeq/kWe) | D61: Thermal Control (kgeq/kWth) | E61: Cold Storage (kgeq/kg) | F61: Waste storage (kgeq/kg) | G61: Water Treatment (kgeq/kg) | H61: Crew Time (kg/CM-h)
A62: Mars Surface Shielded Volume ESM EQ Factors | B62: =Assumptions!B13 -> 79.3 | C62: =Assumptions!C13 -> 162 | D62: =Assumptions!D13 -> 96 | E62: =Assumptions!E13 -> 0.21 | F62: =Assumptions!F13 -> 0.93 | G62: =Assumptions!G13 -> 0.3 | H62: =Assumptions!H13 -> 0.94
A64: Number of batches per week | B64: 1
A65: Number of batches in mission duration (weeks) | B65: =B64*Assumptions!B7 -> 86
A67: Category | B67: ESM (kgeq)
A68: System | B68: =B51+(B52*B62)+(B53*C62)+(B54*D62)+(B57*G62)+(B55*H62) -> 154.95013
A69: Process Operations | B69: =+B65*F55*H62 -> 40.735499
A70: Process Inputs | B70: =B65*(C51+(C52*B62)+(C56*E62)+(C57*G62)) -> 322.86274
A71: Waste process outputs | B71: =B65*((D58*F62)) -> 1.6577535
A72: Useful process outputs | B72: =B65*(E51+(E52*B62)+(E53*C62)-(E56*E62)+(E57*G62)) -> 344.03155
A73: ESMBM (kgeq) | B73: =B68+B69+B70+B71-B72 -> 176.17457
A77: FOM Graphs
B78: Mass | F78: Volume | J78: Power | N78: Crew time
B79: System | C79: Input | D79: Output | E79: Waste | F79: System | G79: Input | H79: Output | I79: Waste | J79: System | K79: Input | L79: Output | M79: Waste | N79: System | O79: Process Operations | P79: Input | Q79: Output | R79: Waste
A80: Harvesting collection container | B80: =D32 -> 0.013825423 | F80: =E32 -> 7.4585973e-06
A81: Harvesting tools | B81: =D31 -> 0.034018333 | F81: =E31 -> 0.00010736
A82: Refrigerator/Freezer | B82: =D30 -> 0.13111888 | F82: =E30 -> 0.00068706294 | J82: =F30 -> 5.7692308e-05
A83: Lighting panels | B83: =D29 -> 0.972 | F83: =E29 -> 0.00036 | J83: =F29 -> 0.2028
A84: Plant growth chamber | B84: =D28 -> 29.34711 | F84: =E28 -> 0.326079 | J84: =F28 -> 0.17767125
A85: N. benthamiana seeds | C85: =C36*Assumptions!B7 -> 1.3275648 | G85: =D36*Assumptions!B7 -> 4.1033127e-09 | O85: =F36*Assumptions!B7 -> 9.12
A86: Water | C86: =C37*Assumptions!B7 -> 606.06043 | D86: =C42*Assumptions!B7 -> 512.7828 | G86: =D37*Assumptions!B7 -> 0.60606043 | H86: =D42*Assumptions!B7 -> 0.5127828 | O86: =F37*Assumptions!B7 -> 0.48167465
A87: Plant nutrients | C87: =C38*Assumptions!B7 -> 23.263024 | O87: =F38*Assumptions!B7 -> 0.98503134
A88: Carbon dioxide | C88: =C39*Assumptions!B7 -> 2.6127505 | G88: =D39*Assumptions!B7 -> 1.4355772 | O88: =(F39/5)*Assumptions!B7 -> 32.0565
A89: PTH-Fc | D89: =C44*Assumptions!B7 -> 0.00043
A90: Plant biomass | O90: =F44*Assumptions!B7 -> 0.6924312
A91: Oxygen | D91: =C41*Assumptions!B7 -> 1.8997382 | H91: =D41*Assumptions!B7 -> 1.4613371
A92: Biomass Waste | E92: =C47*Assumptions!B7 -> 1.7825307 | I92: =D47*Assumptions!B7 -> 0.029708845

Sheet GENE GUN
A1: GENE GUN
A3: PTH-Fc Production Input
B4: Qty | C4: Unit | E4: Legend
A5: Therapeutic dosage (injection or oral): | B5: =Assumptions!B8 -> 5 | C5: mg PTH-Fc/wk/CM | E5: User-editable cell
A6: Avg PTH-Fc production level: | B6: =Assumptions!C19 -> 2.5 | C6: mg PTH-Fc/kg FW | E6: Not applicable / No data
A9: PLANT GROWTH METRICS
A11: Lettuce Harvest and Planting Metrics
A12: Per 1 harvest cycle and 1 CM
B13: Qty | C13: Unit
A14: Number of harvest cycles | B14: 4 | C14: harvest cycles
A15: Edible biomass at harvest | B15: =(131.35*28)/1000 -> 3.6778 | C15: kg FW/m2
A16: Lettuce planting density | B16: 19.2 | C16: plants/m2
A17: Theoretical mass plant at harvest | B17: =B15/B16 -> 0.19155208 | C17: kg FW/plant
A18: Mass plant required for therapeutic dosage | B18: =B5*(1/B6) -> 2 | C18: kg FW/wk
A19: Number of plants at harvest | B19: =ROUNDUP(B18/B17,0) -> 11 | C19: plants/wk (dose)
A20: Actual mass plant at harvest, accounting for dosage | B20: =B17*B19 -> 2.1070729 | C20: kg FW/wk
A21: Planting area | B21: =B20/B15 -> 0.57291667 | C21: m2
A22: Per 4 harvest cycles and 1 CM
B23: Qty | C23: Unit
A24: Number of plants | B24: =B19*B14 -> 44 | C24: plants
A25: Mass of plants | B25: =B17*B24 -> 8.4282917 | C25: kg FW
A26: Planting area | B26: =B25/B15 -> 2.2916667 | C26: m2
A28: System FOM Metrics
A29: Process Step | B29: Equipment | C29: Qty (units) | D29: Mass (kg) | E29: Volume (m3) | F29: Power (kWe) | G29: Crew Time (CM-h)
A30: 1: Plant Growth | B30: Plant growth chamber | C30: 1 | D30: =(101.5-22.9-8.4)*B26 -> 160.875 | E30: =(1.03-0.25)*B26 -> 1.7875 | F30: =(2.6-2.1-0.075)*B26 -> 0.97395833
B31: Lighting panels | C31: =ROUNDUP(B26*9,0) -> 21 | D31: =0.243*C31 -> 5.103 | E31: =(0.3*0.3*0.001)*C31 -> 0.00189 | F31: =50.7*C31*(1/1000) -> 1.0647
A32: 2: Leaf Harvest | B32: Refrigerator/Freezer | C32: =IF((0.003785*C34*2) <= 0.0187, 1, CEILING((0.003785*C34*2)/0.0187, 1)) -> 3 | D32: =0.75*B20*C32 -> 4.7409141 | E32: =0.00393*B20*C32 -> 0.02484239 | F32: =0.00033*B20*C32 -> 0.0020860022
B33: Harvesting tools (scissors) | C33: =IF(F46 <= 2, 1, CEILING(F46 / 2, 1)) -> 1 | D33: =0.20411*C33/Assumptions!$B$5 -> 0.034018333 | E33: =0.00064416*C33/Assumptions!$B$5 -> 0.00010736 | H33: Shared across crew, divided by crew size (Assumptions!B5)
B34: Harvest collection container (bags) | C34: =ROUNDUP(B20/(85*0.003785),0) -> 7 | D34: =(7.62/250)*(0.45359/1)*C34 -> 0.096777962 | E34: =(10.5*11*0.00394)*0.00001639*C34 -> 5.2210181e-05
A36: Input, Output, Waste FOM Metrics (1 cycle, 28-day batch time)
A37: Process Step | B37: Input | C37: Mass (kg) | D37: Volume (m3) | E37: Power (kWe) | F37: Crew Time (CM-h)
A38: 1: Plant Growth | B38: Lettuce seeds | C38: =B19*(1.01/1000000) -> 1.111e-05 | D38: =((4.57*1.524*0.5)/(1000^3))*B19 -> 3.830574e-08 | F38: =B19/(10*60)*1.5 -> 0.0275
B39: Water | C39: =D39*1000 -> 39.815417 | D39: =(7.3*B21*28)*0.34*0.001 -> 0.039815417 | F39: =90*4*(1/60)*(1/12.5)*(1/365)*28*B21*1.5 -> 0.031643836
B40: Plant nutrients | C40: =(1.166+(12.406*3))*(1/1000)*D39*1000 -> 1.528275 | F40: =(20.17/10)*(1/60)*(1/12.5)*B21*28*1.5 -> 0.064712083
B41: Carbon dioxide | C41: =(10.7*B21*28)/1000 -> 0.17164583 | D41: =C41/1.82 -> 0.094310897 | F41: =2.13*365*(1/60)*(1/365)*28*1.5 -> 1.491
B42: Output | C42: Mass (kg) | D42: Volume (m3) | E42: Power (kWe) | F42: Crew Time (CM-h)
B43: Oxygen | C43: =7.78*B21*28*(1/1000) -> 0.12480417 | D43: =C43*(1/1.3) -> 0.096003205
B44: Water (transpiration) | C44: =2.1*B21*28 -> 33.6875 | D44: =C44*(1/1000) -> 0.0336875
A45: Process Step | B45: Output | C45: Mass (kg) | D45: Volume (m3) | E45: Power (kWe) | F45: Crew Time (CM-h)
A46: 2: Leaf Harvest | B46: PTH-Fc | C46: =B5*(1/1000000) -> 5e-06 | F46: =(3.97*B21)*(1/60)*1.5 -> 0.056861979
B47: Plant biomass (dry weight) | C47: =(B15*B21)-C48 -> 0.21070729 | D47: =C47*(1/368) -> 0.00057257416
B48: Water (plant) | C48: =B20*0.9 -> 1.8963656 | D48: =C48*(1/1000) -> 0.0018963656
B49: Calories | E49: =((((B20*17)/0.1)*1000*4.184)/(28*24*3600))/1000 -> 0.0006195101
B50: Macronutrients | C50: =((0.74+0.07+3.37+0.12+0.32)/0.1)*B20*(1/1000) -> 0.097346769
B51: Micronutrients | C51: =((14+0.03+6.3+19+139+16+0.17+0.033+0.082+0.056+0.218+0.04+0.0205)/0.1)*B20*(1/1000000) -> 0.0041077281
B52: Waste | C52: Mass (kg) | D52: Volume (m3) | E52: Power (kWe) | F52: Crew Time (CM-h)
B53: Biomass waste | C53: =(7.3/1000)*B21*28 -> 0.11710417 | D53: =C53*(1/60) -> 0.0019517361
A55: Equivalent System Mass (ESM) Metrics - Plant growth components (1 CM, 600-day mission, 1 dose/week)
A56: Metric | B56: System | C56: Process Inputs | D56: Waste Process Outputs | E56: Useful Process Outputs | F56: Process Operations
A57: Mass (kg) | B57: =SUM(D30:D34) -> 170.84971 | C57: =C38+(C40/4*4)+(C41/4*4) -> 1.6999319 | E57: =SUM((C43/4*4),C46,C47,C48,C50,C51) -> 2.3333366
A58: Volume (m3) | B58: =SUM(E30:E34) -> 1.814392 | C58: =D38+(D41/4*4) -> 0.094310936 | E58: =SUM((D43/4*4),(D44/4*4),D47,D48) -> 0.13215964
A59: Power (kWe) | B59: =SUM(F30:F32) -> 2.0407443 | E59: =E49 -> 0.0006195101
A60: Thermal Control (kWth) | B60: =SUM(F30:F32) -> 2.0407443
A61: Crew time (CM-hr) | B61: 0 | F61: =+SUM(F38,(F39/4*4),(F40/4*4),(F41/4))+F46 -> 0.5534679
A62: Cold storage mass (kg) | C62: 0 | E62: =B20 -> 2.1070729
A63: Water mass (kg) | B63: =C63-C44-C48 -> 4.231551 | C63: =(C39/4*4) -> 39.815417 | E63: =C44/4*4 -> 33.6875
A64: Solid waste (kg) | D64: =C53 -> 0.11710417
A66: 2022 Baseline Values and Assumptions
A67: Parameter | B67: Volume (kgeq/m3) | C67: Power (kgeq/kWe) | D67: Thermal Control (kgeq/kWth) | E67: Cold Storage (kgeq/kg) | F67: Waste storage (kgeq/kg) | G67: Water Treatment (kgeq/kg) | H67: Crew Time (kg/CM-h)
A68: Mars Surface Shielded Volume ESM EQ Factors | B68: =Assumptions!B13 -> 79.3 | C68: =Assumptions!C13 -> 162 | D68: =Assumptions!D13 -> 96 | E68: =Assumptions!E13 -> 0.21 | F68: =Assumptions!F13 -> 0.93 | G68: =Assumptions!G13 -> 0.3 | H68: =Assumptions!H13 -> 0.94
A70: Number of batches per week | B70: 1
A71: Number of batches in mission duration (weeks) | B71: =B70*Assumptions!B7 -> 86
A73: Category | B73: ESM (kgeq)
A74: System | B74: =B57+(B58*B68)+(B59*C68)+(B60*D68)+(B63*G68)+(B61*H68) -> 842.5125
A75: Process Operations | B75: =+B71*F61*H68 -> 44.742345
A76: Process Inputs | B76: =B71*(C57+(C58*B68)+(C63*G68)+(C62*E68)) -> 1816.6136
A77: Waste process outputs | B77: =B71*((D64*F68)) -> 9.3659913
A78: Useful process outputs | B78: =B71*(E57+(E58*B68)+(E59*C68)-(E62*E68)+(E63*G68)) -> 1941.6841
A79: Plant Growth ESMBM (kgeq) | B79: =B74+B75+B76+B77-B78 -> 771.55038
A82: GENE GUN-SPECIFIC METRICS
A84: Assumptions
A85: Assumption | B85: Value | C85: Unit
A86: Assumed gene gun expression | B86: 2.5 | C86: mg PTH-Fc/kg FW
A87: Gene gun tissue weight | B87: 0.13 | C87: mg FW/shot
A88: Shots/kg FW | B88: =1000/B87 -> 7692.3077 | C88: shots/kg FW
A89: PTH-Fc expression/shot | B89: =(B6/(ROUNDDOWN(B88,0)))*1000 -> 0.325013 | C89: ug PTH-Fc/shot
A90: Bullets/holder vial | B90: 100
A91: Shots/battery | B91: 1000
A92: Gene gun system set-up/take-down time | B92: 10 | C92: min
A93: Gene gun system set-up/take-down time | B93: =B92/60 -> 0.16666667 | C93: hr
A94: Shot time | B94: 15 | C94: sec/shot
A95: Shot time | B95: =B94/60/60 -> 0.0041666667 | C95: hr/shot
A96: Bullet loading/unloading time | B96: 3 | C96: min
A97: Bullet loading/unloading time | B97: =B96/60 -> 0.05 | C97: hr
A98: Bullets/cartridge holder | B98: 12
A99: Crew time multiplier | B99: 1.5
A100: Refrigerator/Freezer mass | B100: =321+91 -> 412 | C100: kg
A101: Refrigerator/Freezer external volume | B101: 2 | C101: m3
A102: Refrigerator/Freezer internal volume | B102: 0.614 | C102: m3
A103: Refrigerator/Freezer power | B103: 0.205 | C103: kWe
A104: Required # shots/batch | B104: =ROUNDUP(((B5*1000)/B89),0) -> 15384
A105: Required # bullet vials/batch | B105: =ROUNDUP((B104/B90),0) -> 154
A106: Required # batteries/batch | B106: =ROUNDUP((B104/B91),0) -> 16
A107: Required # refrigerators/freezers per batch | B107: =ROUNDUP(((B105*D149)/B102),0) -> 1
A108: Required # refrigerator/freezers per mission | B108: =ROUNDUP((((B105*D149)*ROUNDUP(Assumptions!B7,0))/B102),0) -> 13
A110: Mass and Volume Calculations
A111: Item (Input) | B111: Mass (g) | C111: Mass (kg) | D111: Shape | E111: Length (L) | F111: Width/Diameter (W/D) | G111: Height (H) | H111: Unit | I111: L (m) | J111: W/D (m) | K111: H (m) | L111: V (m3) | N111: Notes | P111: in to cm
A112: Gene Gun | B112: 1452.5 | C112: =B112/1000 -> 1.4525 | D112: Box | E112: 12.25 | F112: 9 | G112: 4 | H112: in | I112: =(E112*$P$112)/100 -> 0.31115 | J112: =(F112*$P$112)/100 -> 0.2286 | K112: =(G112*$P$112)/100 -> 0.1016 | L112: =I112*J112*K112 -> 0.0072266952 | N112: measured | P112: 2.54
A113: Connector Tubing | B113: 643.2 | C113: =B113/1000 -> 0.6432 | D113: Cylinder | F113: 0.8 | G113: 86 | H113: in | I113: =(E113*$P$112)/100 -> 0 | J113: =(F113*$P$112)/100 -> 0.02032 | K113: =(G113*$P$112)/100 -> 2.1844 | L113: =PI()*((J113/2)^2)*K113 -> 0.00070838516 | N113: measured
A114: 27 CF Aluminum Gas Cylinder | B114: =14/0.002205 -> 6349.2063 | C114: =B114/1000 -> 6.3492063 | F114: 6.75 | G114: 20.5 | H114: in | I114: =(E114*$P$112)/100 -> 0 | J114: =(F114*$P$112)/100 -> 0.17145 | K114: =(G114*$P$112)/100 -> 0.5207 | L114: =PI()*((J114/2)^2)*K114 -> 0.012021328 | N114: https://support.bargainballoons.ca/support/solutions/articles/27000057500-what-are-helium-cylinder-tanks-made-of-and-what-do-they-weigh-
...

Sheet AGRO
A1: AGRO
A3: PTH-Fc Production Input
B4: Qty | C4: Unit | E4: Legend
A5: Therapeutic dosage (injection or oral): | B5: =Assumptions!B8 -> 5 | C5: mg PTH-Fc/wk/CM | E5: User-editable cell
A6: Avg PTH-Fc production level: | B6: =Assumptions!C20 -> 373 | C6: mg PTH-Fc/kg FW | E6: Not applicable / No data
A9: PLANT GROWTH METRICS
A11: Tobacco Harvest and Planting Metrics
A12: Per 1 harvest cycle and 1 CM
B13: Qty | C13: Unit
A14: Number of harvest cycles | B14: 5 | C14: harvest cycles
A15: Biomass at harvest | B15: =(320/16)*(1/0.0929)*(9830000/982000)*(1/1000) -> 2.1550448 | C15: kg FW/m2
A16: Theoretical mass plant at harvest | B16: =(9830000/982000)*(1/1000) -> 0.010010183 | C16: kg FW/plant
A17: Mass plant required for therapeutic dosage | B17: =B5*(1/B6) -> 0.013404826 | C17: kg FW/wk
A18: Number of plants at harvest | B18: =ROUNDUP(B17/B16,0) -> 2 | C18: plants/wk (dose)
A19: Planting area | B19: =B17/B15 -> 0.0062202073 | C19: m2
A20: Per 5 harvest cycles and 1 CM
B21: Qty | C21: Unit
A22: Number of plants | B22: =B18*B14 -> 10 | C22: plants
A23: Mass of plants | B23: =B16*B22 -> 0.10010183 | C23: kg FW
A24: Planting area | B24: =B23/B15 -> 0.04645 | C24: m2
A26: System FOM Metrics
A27: Process Step | B27: Equipment | C27: Qty (units) | D27: Mass (kg) | E27: Volume (m3) | F27: Power (kWe) | G27: Crew Time (CM-h)
A28: 1: Plant Growth | B28: Plant growth chamber | C28: 1 | D28: =(101.5-22.9-8.4)*B24 -> 3.26079 | E28: =(1.03-0.25)*B24 -> 0.036231 | F28: =(2.6-2.1-0.075)*B24 -> 0.01974125
B29: Lighting panels | C29: =ROUNDUP(B24*9,0) -> 1 | D29: =0.243*C29 -> 0.243 | E29: =(0.3*0.3*0.001)*C29 -> 9e-05 | F29: =50.7*C29*(1/1000) -> 0.0507
A30: 2: Leaf Harvest | B30: Refrigerator/Freezer | C30: =IF((0.003785*C32*2) <= 0.0187, 1, CEILING((0.003785*C32*2)/0.0187, 1)) -> 1 | D30: =0.75*B17*C30 -> 0.010053619 | E30: =0.00393*B17*C30 -> 5.2680965e-05 | F30: =0.00033*B17*C30 -> 4.4235925e-06
B31: Harvesting tools (scissors) | C31: =IF(F44 <= 2, 1, CEILING(F44 / 2, 1)) -> 1 | D31: =0.20411*C31/Assumptions!$B$5 -> 0.034018333 | E31: =0.00064416*C31/Assumptions!$B$5 -> 0.00010736 | H31: Shared across crew, divided by crew size (Assumptions!B5)
B32: Harvest collection container (bags) | C32: =ROUNDUP(B17/(85*0.003785),0) -> 1 | D32: =(7.62/250)*(0.45359/1)*C32 -> 0.013825423 | E32: =(10.5*11*0.00394)*0.00001639*C32 -> 7.4585973e-06
A34: Input, Output, Waste FOM Metrics (1 cycle, 35-day batch time)
A35: Process Step | B35: Input | C35: Mass (kg) | D35: Volume (m3) | E35: Power (kWe) | F35: Crew Time (CM-h)
A36: 1: Plant Growth | B36: N. benth seeds | C36: =0.0004288*B18*2 -> 0.0017152 | D36: =(4/3)*PI()*((0.45/2)^3)*(1/1000^3) -> 4.7712938e-11 | F36: =((1/10)*(B18*2)*(1/60)*1.5)+(4.6*(1/(215*2))*1.5) -> 0.026046512
B37: Water | C37: =D37*1000 -> 0.54034941 | D37: =(7.3*B19*35)*0.34*0.001 -> 0.00054034941 | F37: =90*4*(1/60)*(1/12.5)*(1/365)*35*B19*1.5 -> 0.00042944993
B38: Plant nutrients | C38: =((1.166+(12.406*3))*(D37*1000))/1000 -> 0.020740772 | F38: =(20.17/10)*(1/60)*(1/12.5)*B19*35*1.5 -> 0.00087823107
B39: Carbon dioxide | C39: =(10.7*B19*35)/1000 -> 0.0023294676 | D39: =C39/1.82 -> 0.0012799273 | F39: =2.13*365*(1/60)*(1/365)*35*1.5 -> 1.86375
B40: Output | C40: Mass (kg) | D40: Volume (m3) | E40: Power (kWe) | F40: Crew Time (CM-h)
B41: Oxygen | C41: =(7.78*B19*35)/1000 -> 0.0016937625 | D41: =C41/1.3 -> 0.0013028942
B42: Water (transpiration) | C42: =2.1*B19*35 -> 0.45718524 | D42: =C42/1000 -> 0.00045718524
A43: Process Step | B43: Output | C43: Mass (kg) | D43: Volume (m3) | E43: Power (kWe) | F43: Crew Time (CM-h)
A44: 2: Leaf Harvest | B44: PTH-Fc | C44: =B5/1000000 -> 5e-06 | F44: =(3.97*B19)/60*1.5 -> 0.00061735558
B45: Plant biomass | C45: =B15*B19 -> 0.013404826 | D45: =C45*(1/60) -> 0.00022341376
B46: Waste | C46: Mass (kg) | D46: Volume (m3) | E46: Power (kWe) | F46: Crew Time (CM-h)
B47: Biomass waste | C47: =(7.3/1000)*B19*35 -> 0.001589263 | D47: =C47*(1/60) -> 2.6487716e-05
A49: Equivalent System Mass (ESM) Metrics - Plant growth components (1 CM, 600-day mission, 1 dose/week)
A50: Metric | B50: System | C50: Process Inputs | D50: Waste Process Outputs | E50: Useful Process Outputs | F50: Process Operations
A51: Mass (kg) | B51: =SUM(D28:D32) -> 3.5616874 | C51: =C36+(C38/5*5)+(C39/5*5) -> 0.024785439 | E51: =SUM((C41/5*5),C44,C45) -> 0.015103588
A52: Volume (m3) | B52: =SUM(E28:E32) -> 0.0364885 | C52: =D36+(D39/5*5) -> 0.0012799273 | E52: =SUM((D41/5*5),(D42/5*5),D45) -> 0.0019834932
A53: Power (kWe) | B53: =SUM(F28:F30) -> 0.070445674 | E53: 0
A54: Thermal Control (kWth) | B54: =SUM(F28:F30) -> 0.070445674
A55: Crew time (CM-hr) | B55: =+SUM(G28:G32) -> 0 | F55: =+SUM(F36,(F37/5*5),(F38/5*5),(F39/5))+F44 -> 0.40072155
A56: Cold storage mass (kg) | C56: 0 | E56: =B17 -> 0.013404826
A57: Water mass (kg) | B57: =C57-C42 -> 0.083164172 | C57: =(C37/4*4) -> 0.54034941 | E57: =C42/5*5 -> 0.45718524
A58: Solid waste (kg) | D58: =C47 -> 0.001589263
A60: 2022 Baseline Values and Assumptions
A61: Parameter | B61: Volume (kgeq/m3) | C61: Power (kgeq/kWe) | D61: Thermal Control (kgeq/kWth) | E61: Cold Storage (kgeq/kg) | F61: Waste storage (kgeq/kg) | G61: Water Treatment (kgeq/kg) | H61: Crew Time (kg/CM-h)
A62: Mars Surface Shielded Volume ESM EQ Factors | B62: =Assumptions!B13 -> 79.3 | C62: =Assumptions!C13 -> 162 | D62: =Assumptions!D13 -> 96 | E62: =Assumptions!E13 -> 0.21 | F62: =Assumptions!F13 -> 0.93 | G62: =Assumptions!G13 -> 0.3 | H62: =Assumptions!H13 -> 0.94
A64: Number of batches per week | B64: 1
A65: Number of batches in mission duration (weeks) | B65: =B64*Assumptions!B7 -> 86
A67: Category | B67: ESM (kgeq)
A68: System | B68: =B51+(B52*B62)+(B53*C62)+(B54*D62)+(B55*H62)+(B57*G62) -> 24.655158
A69: Process Operations | B69: =+B65*F55*H62 -> 32.39433
A70: Process Inputs | B70: =B65*(C51+(C52*B62)+(C56*E62)+(C57*G62)) -> 24.801411
A71: Waste process outputs | B71: =B65*((D58*F62)) -> 0.12710925
A72: Useful process outputs | B72: =B65*(E51+(E52*B62)+(E53*C62)-(E56*E62)+(E57*G62)) -> 26.379224
A73: Total Plant Growth ESMBM (kgeq) | B73: =B68+B69+B70+B71-B72 -> 55.598785
A76: AGRO-SPECIFIC METRICS
A78: AGRO Assumptions
A79: Assumption | B79: Value | C79: Unit | D79: Notes | E79: Reference
A80: Required number of batches | B80: =Assumptions!B7 -> 86 | C80: batches
A81: water density | B81: 1 | C81: g/cm^3
A82: water density | B82: 1000 | C82: kg/m^3
A83: water volume conversion | B83: 1000 | C83: L = m^3
A84: IB demand/plant | B84: =1/20 -> 0.05 | C84: L | D84: "IB" = infiltration buffer, 1L sufficient for 20 plants
A85: IB uptake/plant | B85: =B84*0.1 -> 0.005 | C85: L | D85: 10% liquid uptake during vacuum infiltration
A86: density Agro stock | B86: 1.1 | C86: g/cm^3 | D86: density of E coli | E86: 10.1128/jb.148.1.58-63.1981
A87: molar mass acetosyringone | B87: 196.19 | C87: g/mol
A88: molar mass MES | B88: 195.2 | C88: g/mol
A89: molar mass MgCl2 | B89: 95.21 | C89: g/mol
A90: volume seed culture | B90: 5 | C90: mL
A91: volume second culture | B91: 250 | C91: mL
A92: # plants infiltrated per second culture volume | B92: 20
A93: volume LB/plant | B93: =B90+(B91/B92) -> 17.5 | C93: mL
A94: volume total antibiotics/plant | B94: =B93/1000 -> 0.0175 | C94: mL | D94: all antibiotic stocks together, 1000x dilution working concentration
A95: volume acetosyringone/plant | B95: =1.5*B84 -> 0.075 | C95: mL | D95: 150uM working concentration
A96: volume MES/plant | B96: =10*B84 -> 0.5 | C96: mL | D96: 10mM working concentration
A97: volume MgCl2/plant | B97: =20*B84 -> 1 | C97: mL | D97: 10mM working concentration
A98: volume Silwet/plant | B98: =0.0002*B84 -> 1e-05 | C98: L | D98: 0.02% v/v
A99: volume water/plant (culture) | B99: =B93 -> 17.5 | C99: mL
A100: volume water/plant (infiltration) | B100: =(B84*1000)-B95-B96-B97 -> 48.425 | C100: mL
A101: volume water/plant (total) | B101: =B99+B100 -> 65.925 | C101: mL
A102: mass LB mix/plant | B102: =25*(B93/1000) -> 0.4375 | C102: g | D102: 25g/L
A103: crew time multiplier | B103: 1.5 | E103: personal communication with Gioia Massa, KSC, Feb. 2025
A104: D0 time | B104: 20 | C104: min/batch | D104: LB media prep + sterilization
A105: D0 time | B105: =B104/60 -> 0.33333333 | C105: hr/batch | D105: LB media prep
A106: D1 time | B106: 35 | C106: min/batch | D106: seed culture prep
A107: D1 time | B107: =B106/60 -> 0.58333333 | C107: hr/batch | D107: seed culture prep
A108: D2 time | B108: 30 | C108: min/batch | D108: scale cultures to flasks
A109: D2 time | B109: =B108/60 -> 0.5 | C109: hr/batch | D109: scale cultures to flasks
A110: D3 time | B110: 65 | C110: min/batch | D110: infiltration prep
A111: D3 time | B111: =B110/60 -> 1.0833333 | C111: hr/batch | D111: infiltration prep
A112: infiltration time | B112: 5 | C112: min/plant | D112: infiltration/plant
A113: infiltration time | B113: =B112/60 -> 0.083333333 | C113: hr/plant | D113: infiltration/plant
...

Sheet VIRAL
A1: VIRAL
A3: PTH-Fc Production Input
B4: =Assumptions!B8 -> 5 | C4: Unit | E4: Legend
A5: Therapeutic dosage (injection or oral): | B5: =Assumptions!B8 -> 5 | C5: mg PTH-Fc/wk/CM | E5: User-editable cell
A6: Avg PTH-Fc production level: | B6: =Assumptions!C21 -> 300 | C6: mg PTH-Fc/kg FW | E6: Not applicable / No data
A9: PLANT GROWTH METRICS
A11: Tobacco Harvest and Planting Metrics
A12: Per 1 harvest cycle and 1 CM
B13: Qty | C13: Unit
A14: Number of harvest cycles | B14: 5 | C14: harvest cycles
A15: Biomass at harvest | B15: =(320/16)*(1/0.0929)*(9830000/982000)*(1/1000) -> 2.1550448 | C15: kg FW/m2
A16: Theoretical mass plant at harvest | B16: =(9830000/982000)*(1/1000) -> 0.010010183 | C16: kg FW/plant
A17: Mass plant required for therapeutic dosage | B17: =B5*(1/B6) -> 0.016666667 | C17: kg FW/wk
A18: Number of plants at harvest | B18: =ROUNDUP(B17/B16,0) -> 2 | C18: plants/wk (dose)
A19: Planting area | B19: =B17/B15 -> 0.0077337911 | C19: m2
A20: Per 5 harvest cycles and 1 CM
B21: Qty | C21: Unit
A22: Number of plants | B22: =B18*B14 -> 10 | C22: plants
A23: Mass of plants | B23: =B16*B22 -> 0.10010183 | C23: kg FW
A24: Planting area | B24: =B23/B15 -> 0.04645 | C24: m2
A26: System FOM Metrics
A27: Process Step | B27: Equipment | C27: Qty (units) | D27: Mass (kg) | E27: Volume (m3) | F27: Power (kWe) | G27: Crew Time (CM-h)
A28: 1: Plant Growth | B28: Plant growth chamber | C28: 1 | D28: =(101.5-22.9-8.4)*B24 -> 3.26079 | E28: =(1.03-0.25)*B24 -> 0.036231 | F28: =(2.6-2.1-0.075)*B24 -> 0.01974125
B29: Lighting panels | C29: =ROUNDUP(B24*9,0) -> 1 | D29: =0.243*C29 -> 0.243 | E29: =(0.3*0.3*0.001)*C29 -> 9e-05 | F29: =50.7*C29*(1/1000) -> 0.0507
A30: 2: Leaf Harvest | B30: Refrigerator/Freezer | C30: =IF((0.003785*C32*2) <= 0.0187, 1, CEILING((0.003785*C32*2)/0.0187, 1)) -> 1 | D30: =0.75*B17*C30 -> 0.0125 | E30: =0.00393*B17*C30 -> 6.55e-05 | F30: =0.00033*B17*C30 -> 5.5e-06
B31: Harvesting tools (scissors) | C31: =IF(F44 <= 2, 1, CEILING(F44 / 2, 1)) -> 1 | D31: =0.20411*C31/Assumptions!$B$5 -> 0.034018333 | E31: =0.00064416*C31/Assumptions!$B$5 -> 0.00010736 | H31: Shared across crew, divided by crew size (Assumptions!B5)
B32: Harvest collection container (bags) | C32: =ROUNDUP(B17/(85*0.003785),0) -> 1 | D32: =(7.62/250)*(0.45359/1)*C32 -> 0.013825423 | E32: =(10.5*11*0.00394)*0.00001639*C32 -> 7.4585973e-06
A34: Input, Output, Waste FOM Metrics (1 cycle, 28-day batch time)
A35: Process Step | B35: Input | C35: Mass (kg) | D35: Volume (m3) | E35: Power (kWe) | F35: Crew Time (CM-h)
A36: 1: Plant Growth | B36: N. benth seeds | C36: =0.0004288*B18*2 -> 0.0017152 | D36: =(4/3)*PI()*((0.45/2)^3)*(1/1000^3) -> 4.7712938e-11 | F36: =((1/10)*(B18*2)*(1/60)*1.5)+(4.6*(1/(215*2))*1.5) -> 0.026046512
B37: Water | C37: =D37*1000 -> 0.67183443 | D37: =(7.3*B19*35)*0.34*0.001 -> 0.00067183443 | F37: =90*4*(1/60)*(1/12.5)*(1/365)*35*B19*1.5 -> 0.00053394941
B38: Plant nutrients | C38: =((1.166+(12.406*3))*(D37*1000))/1000 -> 0.025787693 | F38: =(20.17/10)*(1/60)*(1/12.5)*B19*35*1.5 -> 0.001091934
B39: Carbon dioxide | C39: =(10.7*B19*35)/1000 -> 0.0028963048 | D39: =C39/1.82 -> 0.0015913762 | F39: =2.13*365*(1/60)*(1/365)*35*1.5 -> 1.86375
B40: Output | C40: Mass (kg) | D40: Volume (m3) | E40: Power (kWe) | F40: Crew Time (CM-h)
B41: Oxygen | C41: =(7.78*B19*35)/1000 -> 0.0021059113 | D41: =C41/1.3 -> 0.0016199318
B42: Water (transpiration) | C42: =2.1*B19*35 -> 0.56843365 | D42: =C42/1000 -> 0.00056843365
A43: Process Step | B43: Output | C43: Mass (kg) | D43: Volume (m3) | E43: Power (kWe) | F43: Crew Time (CM-h)
A44: 2: Leaf Harvest | B44: PTH-Fc | C44: =B5/1000000 -> 5e-06 | F44: =(3.97*B19)/60*1.5 -> 0.00076757877
B45: Plant biomass | C45: =B15*B19 -> 0.016666667 | D45: =C45*(1/60) -> 0.00027777778
B46: Waste | C46: Mass (kg) | D46: Volume (m3) | E46: Power (kWe) | F46: Crew Time (CM-h)
B47: Biomass waste | C47: =(7.3/1000)*B19*35 -> 0.0019759836 | D47: =C47*(1/60) -> 3.2933061e-05
A49: Equivalent System Mass (ESM) Metrics - Plant growth components (1 CM, 600-day mission, 1 dose/week)
A50: Metric | B50: System | C50: Process Inputs | D50: Waste Process Outputs | E50: Useful Process Outputs | F50: Process Operations
A51: Mass (kg) | B51: =SUM(D28:D32) -> 3.5641338 | C51: =C36+(C38/5*5)+(C39/5*5) -> 0.030399198 | E51: =SUM((C41/5*5),C44,C45) -> 0.018777578
A52: Volume (m3) | B52: =SUM(E28:E32) -> 0.036501319 | C52: =D36+(D39/5*5) -> 0.0015913763 | E52: =SUM((D41/4*4),(D42/4*4),D45) -> 0.0024661432
A53: Power (kWe) | B53: =SUM(F28:F30) -> 0.07044675 | E53: 0
A54: Thermal Control (kWth) | B54: =SUM(F28:F30) -> 0.07044675
A55: Crew time (CM-hr) | B55: =SUM(G28:G32) -> 0 | F55: =SUM(F36,(F37/5*5),(F38/5*5),(F39/5))+F44 -> 0.40118997
A56: Cold storage mass (kg) | C56: 0 | E56: =B17 -> 0.016666667
A57: Water mass (kg) | B57: =C57-C42 -> 0.10340079 | C57: =(C37/4*4) -> 0.67183443 | E57: =C42/4*4 -> 0.56843365
A58: Solid waste (kg) | D58: =C47 -> 0.0019759836
A60: 2022 Baseline Values and Assumptions
A61: Parameter | B61: Volume (kgeq/m3) | C61: Power (kgeq/kWe) | D61: Thermal Control (kgeq/kWth) | E61: Cold Storage (kgeq/kg) | F61: Waste storage (kgeq/kg) | G61: Water Treatment (kgeq/kg) | H61: Crew Time (kg/CM-h)
A62: Mars Surface Shielded Volume ESM EQ Factors | B62: =Assumptions!B13 -> 79.3 | C62: =Assumptions!C13 -> 162 | D62: =Assumptions!D13 -> 96 | E62: =Assumptions!E13 -> 0.21 | F62: =Assumptions!F13 -> 0.93 | G62: =Assumptions!G13 -> 0.3 | H62: =Assumptions!H13 -> 0.94
A64: Number of batches per week | B64: 1
A65: Number of batches in mission duration (weeks) | B65: =B64*Assumptions!B7 -> 86
A67: Category | B67: ESM (kgeq)
A68: System | B68: =B51+(B52*B62)+(B53*C62)+(B54*D62)+(B55*H62)+(B57*G62) -> 24.66497
A69: Process Operations | B69: =+B65*F55*H62 -> 32.432197
A70: Process Inputs | B70: =B65*(C51+(C52*B62)+(C56*E62)+(C57*G62)) -> 30.800527
A71: Waste process outputs | B71: =B65*((D58*F62)) -> 0.15803917
A72: Useful process outputs | B72: =B65*(E51+(E52*B62)+(E53*C62)-(E56*E62)+(E57*G62)) -> 32.798063
A73: Total Plant Growth ESMBM (kgeq) | B73: =B68+B69+B70+B71-B72 -> 55.257671
A76: VIRAL-SPECIFIC METRICS
A78: Assumptions
A79: Assumption | B79: Value | C79: Unit | D79: Notes | E79: Reference
A80: required number of batches | B80: =Assumptions!B7 -> 86 | C80: batches
A81: viral stock volume | B81: 2 | C81: mL/tube
A82: viral stock concentration | B82: 1 | C82: mg/mL
A83: VIS volume | B83: 0.04 | C83: mL/plant | D83: VIS = viral infectivity solution
A84: VIS carborundum concentration | B84: 0.5 | C84: mg/mL
A85: VIS carborundum mass | B85: =B84*B83 -> 0.02 | C85: mg/plant
A86: VIS viral concentration | B86: =B84/5 -> 0.1 | C86: mg/mL
A87: VIS viral mass | B87: =B86*B83 -> 0.004 | C87: mg/plant
A88: VIS viral stock volume | B88: =(B86*B83)/B82 -> 0.004 | C88: mL/plant
A89: VIS water volume | B89: =B83-B88 -> 0.036 | C89: mL H2O/plant
A90: viral stock infectivity | B90: =(B82*B81)/B87 -> 500 | C90: infections/plant/tube of virus
A91: mixing tube | B91: 1 | C91: 2mL tube/"batch"
A92: water density (mass) | B92: 1000 | C92: kg/m3
A93: water volume conversion | B93: 1000 | C93: L = m3
A94: carborundum/50mL tube | B94: =F121 -> 0.1605 | C94: kg
A95: crew time multiplier | B95: 1.5 | E95: personal communication with Gioia Massa, KSC, Feb. 2025
A96: viral mix prep time | B96: 3 | C96: min
A97: viral mix time | B97: =B96/60 -> 0.05 | C97: hr
A98: viral infection time | B98: 30 | C98: sec/plant
A99: viral infection time | B99: =B98/60/60 -> 0.0083333333 | C99: hr/plant
A100: Refrigerator/Freezer mass | B100: =321+91 -> 412 | C100: kg
A101: Refrigerator/Freezer external volume | B101: 2 | C101: m3
A102: Refrigerator/Freezer internal volume | B102: 0.614 | C102: m3
A103: Refrigerator/Freezer power | B103: 0.205 | C103: kW
A104: Balance power | B104: 2.2 | C104: W | E104: Mettler Toledo MX105
A105: balance weight | B105: 7.5 | C105: kg | E105: Mettler Toledo MX105
A106: balance external volume | B106: =Q124 -> 0.029700714 | C106: m3 | E106: Mettler Toledo MX105
A107: Required volume viral stock/week | B107: =B88*B18 -> 0.008 | C107: mL
A108: Required volume viral stock/mission | B108: =B80*B107 -> 0.688 | C108: mL
A109: Required # stock tubes/mission | B109: =ROUNDUP((B108/B81),) -> 1 | C109: unit
A110: Required # refrigerator/freezers per mission | B110: =ROUNDUP(((B109*D130)/B102),) -> 1 | C110: unit
A111: Required mass carb/week | B111: =(B18*B85)/1000 -> 4e-05 | C111: kg
A112: Required mass carb/mission | B112: =B111*B80 -> 0.00344 | C112: kg
A113: Required # carb bottles/mission | B113: =ROUNDUP((B112/B94),) -> 1 | C113: unit
...
